EmployeeID,Timestamp,NoteType,CustomerInteraction,EmployeeNote,FollowUpActionTaken,Outcome,AnonymizedID
E001,01-10-2023 09:45,Call Centre Agent,New Product Inquiry,Customer inquired about new broadband package.,Sent product details,Resolved,A1234
E002,01-10-2023 10:30,Engineer,Service Disruption,Checked customer's line. Cable damage identified.,Dispatched service team,Pending,A1235
E003,01-10-2023 11:15,Call Centre Agent,Billing Issue,Customer claims overcharge on recent bill.,Reviewed billing details,Resolved,A1236
E004,01-10-2023 12:05,Engineer,Service Disruption,Replaced damaged equipment at site.,Service restored,Resolved,A1237
E001,01-10-2023 13:40,Call Centre Agent,New Product Inquiry,Inquired about new TV packages and offers.,Sent promotional offers,Resolved,A1238
E005,01-10-2023 14:15,Call Centre Agent,Service Feedback,Customer pleased with the fast service response time.,Logged feedback,Resolved,A1239
E006,01-10-2023 15:00,Engineer,Installation,Completed installation of new broadband connection.,Logged completion,Resolved,A1240
E004,01-10-2023 16:00,Call Centre Agent,Technical Inquiry,Customer has questions about router settings.,Provided tech support,Resolved,A1241
E002,01-10-2023 17:00,Engineer,Equipment Upgrade,Upgraded customer's set-top box.,Logged equipment change,Resolved,A1242
E003,01-10-2023 18:00,Call Centre Agent,Service Cancellation,Customer wishes to cancel subscription.,Processed cancellation,Resolved,A1243
E001,02-10-2023 09:30,Call Centre Agent,New Product Inquiry,Customer interested in fiber connection availability.,Checked service area,Pending,A1244
E006,02-10-2023 10:30,Engineer,Service Disruption,Identified an area-wide outage.,Working on resolution,Pending,A1245
E005,02-10-2023 11:30,Call Centre Agent,Billing Inquiry,Customer inquired about itemized charges.,Sent itemized bill,Resolved,A1246
E003,02-10-2023 12:20,Call Centre Agent,Technical Inquiry,Questions about changing wifi password.,Guided on procedure,Resolved,A1247
E004,02-10-2023 13:10,Engineer,Equipment Issue,Customer's router malfunctioning.,Replaced router,Resolved,A1248
E005,02-10-2023 14:30,Call Centre Agent,Service Upgrade,Customer wants to upgrade service plan.,Processed upgrade,Resolved,A1249
E001,02-10-2023 15:25,Call Centre Agent,Package Feedback,Customer suggests more sports channels in package.,Logged feedback,Pending,A1250
E006,02-10-2023 16:15,Engineer,Installation,Completed home network setup for customer.,Logged completion,Resolved,A1251
E002,02-10-2023 17:30,Call Centre Agent,Service Resumption,Customer wants to resume paused service.,Processed resumption,Resolved,A1252
E004,02-10-2023 18:40,Engineer,Equipment Setup,Set up new smart TV for the customer.,Logged equipment setup,Resolved,A1253
E003,03-10-2023 09:50,Call Centre Agent,Service Inquiry,Inquiry about weekend service disruptions.,Provided information,Resolved,A1254
E005,03-10-2023 10:55,Call Centre Agent,Billing Issue,Customer disputes late fee charges.,Waived off late fees,Resolved,A1255
E001,03-10-2023 11:45,Engineer,Service Disruption,Working on tower issue causing disruptions.,Fix in progress,Pending,A1256
E006,03-10-2023 12:50,Call Centre Agent,Package Downgrade,Customer wants to downgrade package.,Processed downgrade,Resolved,A1257
E002,03-10-2023 13:40,Engineer,Equipment Issue,Customer's remote not working.,Replaced remote,Resolved,A1258
E004,03-10-2023 14:50,Call Centre Agent,New Product Inquiry,Inquiry about upcoming product launches.,Shared upcoming launches,Resolved,A1259
E005,03-10-2023 15:35,Engineer,Installation,Installed additional line for the customer.,Logged completion,Resolved,A1260
E003,03-10-2023 16:30,Call Centre Agent,Feedback,Positive feedback about helpful customer service.,Logged feedback,Resolved,A1261
E001,03-10-2023 17:20,Engineer,Service Disruption,Addressed issue with regional server.,Service restored,Resolved,A1262
E002,03-10-2023 18:10,Call Centre Agent,Technical Inquiry,How to reset the set-top box?,Guided reset procedure,Resolved,A1263
E007,04-10-2023 09:00,Chatbot Assistant,Device Setup Guidance,Provided guidance on setting up new BT router.,Shared setup guide,Resolved,A1264
E008,04-10-2023 10:00,Field Agent,Service Complaint,Addressed on-site service disruption.,Fixed cabling issue,Resolved,A1265
E009,04-10-2023 11:00,Billing Department,Promotion Inquiry,Offered new bill discounts for loyalty customers.,Shared promotional offer,Pending,A1266
E010,04-10-2023 12:00,Call Centre Agent,Loyalty Program Inquiry,Informed about loyalty reward points.,Shared loyalty program,Resolved,A1267
E011,04-10-2023 13:00,Chatbot Assistant,Account Management,Assisted in changing the registered mobile number.,Guided through portal,Resolved,A1268
E012,04-10-2023 14:00,Field Agent,Device Setup Guidance,Helped connect smart devices at the customer's home.,Logged assistance,Resolved,A1269
E013,04-10-2023 15:00,Engineer,Service Complaint,Investigated frequent service disruptions.,Found and fixed a line fault,Resolved,A1270
E014,04-10-2023 16:00,Chatbot Assistant,Promotion Inquiry,Shared information about ongoing promotions.,Shared promotional details,Resolved,A1271
E015,04-10-2023 17:00,Field Agent,Loyalty Program Inquiry,Shared details about loyalty benefits.,Provided loyalty card info,Resolved,A1272
E016,04-10-2023 18:00,Billing Department,Account Management,Resolved discrepancies in the customer's bill.,Adjusted the bill,Resolved,A1273
E007,05-10-2023 09:30,Call Centre Agent,Device Setup Guidance,Offered steps to install new broadband modem.,Emailed setup manual,Resolved,A1274
E008,05-10-2023 10:45,Engineer,Service Complaint,Diagnosed an area-wide service disruption.,Working on fix,Pending,A1275
E009,05-10-2023 11:15,Chatbot Assistant,Promotion Inquiry,Guided towards special offers for existing customers.,Shared promotional link,Resolved,A1276
E010,05-10-2023 12:25,Field Agent,Account Management,Assisted with address change procedure.,Logged address change,Resolved,A1277
E011,05-10-2023 13:40,Billing Department,Loyalty Program Inquiry,Explained loyalty program tiers.,Shared reward points status,Resolved,A1278
E012,05-10-2023 14:55,Call Centre Agent,Device Setup Guidance,Assisted with Wi-Fi password setup.,Guided through steps,Resolved,A1279
E013,05-10-2023 15:45,Engineer,Service Complaint,Found and fixed an equipment fault causing disruptions,Service restored,Resolved,A1280
E014,05-10-2023 16:30,Chatbot Assistant,Promotion Inquiry,Answered questions on seasonal promotions.,Shared discount codes,Resolved,A1281
E015,05-10-2023 17:10,Field Agent,Loyalty Program Inquiry,Checked and updated customer's loyalty status.,Upgraded loyalty tier,Resolved,A1282
E016,05-10-2023 18:20,Billing Department,Account Management,Corrected an error in monthly charges.,Issued bill correction,Resolved,A1283
E017,06-10-2023 09:30,Chatbot Assistant,Promotion Inquiry,Provided information on bundle offers.,Shared bundle details,Resolved,A1284
E018,06-10-2023 10:45,Engineer,Device Setup Guidance,Helped customer configure email on their phone.,Guided email setup,Resolved,A1285
E019,06-10-2023 11:15,Billing Department,Service Complaint,Investigated billing error due to double charging.,Refunded overcharge,Resolved,A1286
E020,06-10-2023 12:25,Call Centre Agent,Account Management,Assisted in changing account password.,Guided password reset,Resolved,A1287
E021,06-10-2023 13:40,Chatbot Assistant,Service Complaint,Noted customer's complaint about slow internet speed.,Initiated speed test,Pending,A1288
E022,06-10-2023 14:55,Field Agent,Device Setup Guidance,Provided instructions for connecting a smart TV.,Walked through the setup,Resolved,A1289
E023,06-10-2023 15:45,Engineer,Promotion Inquiry,Checked the availability of a new channel.,Informed about availability,Resolved,A1290
E024,06-10-2023 16:30,Billing Department,Loyalty Program Inquiry,Explained the benefits of the loyalty program.,Shared program details,Resolved,A1291
E025,06-10-2023 17:10,Call Centre Agent,Account Management,Helped customer update their billing address.,Updated address details,Resolved,A1292
E026,06-10-2023 18:20,Chatbot Assistant,Service Complaint,Logged a complaint about intermittent service.,Initiated service ticket,Pending,A1293
E027,07-10-2023 09:30,Engineer,Device Setup Guidance,Assisted with setting up a new wireless printer.,Confirmed successful setup,Resolved,A1294
E028,07-10-2023 10:45,Field Agent,Promotion Inquiry,Inquired about discounts for bundled services.,Shared bundle details,Resolved,A1295
E029,07-10-2023 11:15,Billing Department,Loyalty Program Inquiry,Checked customer's loyalty status.,Upgraded loyalty tier,Resolved,A1296
E030,07-10-2023 12:25,Call Centre Agent,Account Management,Guided customer in updating their contact number.,Updated contact information,Resolved,A1297
E031,07-10-2023 13:40,Chatbot Assistant,Service Complaint,Recorded a service outage complaint.,Initiated service restoration,Pending,A1298
E032,07-10-2023 14:55,Engineer,Device Setup Guidance,Provided instructions for setting up a new gaming console.,Guided through setup,Resolved,A1299
E033,07-10-2023 15:45,Field Agent,Promotion Inquiry,Checked eligibility for a free movie channel.,Provided channel details,Resolved,A1300
E034,07-10-2023 16:30,Billing Department,Account Management,Assisted with updating payment card information.,Updated payment details,Resolved,A1301
E035,07-10-2023 17:10,Call Centre Agent,Loyalty Program Inquiry,Informed about upcoming loyalty program changes.,Shared program updates,Resolved,A1302
E036,07-10-2023 18:20,Chatbot Assistant,Service Complaint,Recorded a complaint about frequent disconnections.,Initiated service check,Pending,A1303
E037,08-10-2023 09:30,Engineer,Device Setup Guidance,Assisted with configuring a customer's email client.,Confirmed email setup,Resolved,A1304
E038,08-10-2023 10:45,Field Agent,Promotion Inquiry,Provided details on discounted packages.,Shared promotion details,Resolved,A1305
E039,08-10-2023 11:15,Billing Department,Service Complaint,Resolved a billing dispute related to data usage.,Adjusted data charges,Resolved,A1306
E040,08-10-2023 12:25,Call Centre Agent,Account Management,Assisted in updating customer's payment preferences.,Updated payment settings,Resolved,A1307
E041,08-10-2023 13:40,Chatbot Assistant,Service Complaint,Recorded a complaint regarding slow streaming.,Initiated streaming check,Pending,A1308
E042,08-10-2023 14:55,Field Agent,Device Setup Guidance,Guided the setup of a customer's smart thermostat.,Confirmed thermostat setup,Resolved,A1309
E043,08-10-2023 15:45,Engineer,Promotion Inquiry,Checked eligibility for a sports channel upgrade.,Provided channel details,Resolved,A1310
E044,08-10-2023 16:30,Billing Department,Loyalty Program Inquiry,Explained the benefits of the premium loyalty tier.,Shared premium benefits,Resolved,A1311
E045,08-10-2023 17:10,Call Centre Agent,Account Management,Helped customer change their billing address.,Updated address details,Resolved,A1312
E046,08-10-2023 18:20,Chatbot Assistant,Service Complaint,Noted a customer's complaint about frequent outages.,Initiated outage check,Pending,A1313
E047,09-10-2023 09:30,Engineer,Device Setup Guidance,Provided instructions for setting up a new smartwatch.,Guided through setup,Resolved,A1314
E048,09-10-2023 10:45,Field Agent,Promotion Inquiry,Shared information about special bundle deals.,Provided bundle details,Resolved,A1315
E049,09-10-2023 11:15,Billing Department,Loyalty Program Inquiry,Assisted in redeeming loyalty reward points.,Processed reward redemption,Resolved,A1316
E050,09-10-2023 12:25,Call Centre Agent,Account Management,Helped update customer's contact information.,Updated contact details,Resolved,A1317
E051,09-10-2023 13:40,Chatbot Assistant,Service Complaint,Recorded a complaint regarding frequent drops in speed.,Initiated speed test,Pending,A1318
E052,09-10-2023 14:55,Field Agent,Device Setup Guidance,Assisted in setting up a new gaming console.,Confirmed setup success,Resolved,A1319
E053,09-10-2023 15:45,Engineer,Promotion Inquiry,Checked the availability of a new movie channel.,Informed about availability,Resolved,A1320
E054,09-10-2023 16:30,Billing Department,Account Management,Assisted with updating payment card information.,Updated payment details,Resolved,A1321
E055,09-10-2023 17:10,Call Centre Agent,Loyalty Program Inquiry,Explained the benefits of a new loyalty program.,Shared program details,Resolved,A1322
E056,09-10-2023 18:20,Chatbot Assistant,Service Complaint,Recorded a complaint about unstable Wi-Fi.,Initiated Wi-Fi stability check,Pending,A1323
E057,10-10-2023 09:30,Engineer,Device Setup Guidance,Provided instructions for configuring a customer's IoT device.,Confirmed setup success,Resolved,A1324
E058,10-10-2023 10:45,Field Agent,Promotion Inquiry,Shared information about a limited-time offer.,Provided limited-time offer details,Resolved,A1325
E059,10-10-2023 11:15,Billing Department,Service Complaint,Investigated billing discrepancies related to international calls.,Adjusted international call charges,Resolved,A1326
E060,10-10-2023 12:25,Call Centre Agent,Account Management,Assisted a customer in changing their subscription plan.,Updated subscription plan,Resolved,A1327
E061,10-10-2023 13:40,Chatbot Assistant,Service Complaint,Recorded a complaint about a TV channel outage.,Initiated channel restoration,Pending,A1328
E062,10-10-2023 14:55,Field Agent,Device Setup Guidance,Guided the setup of a customer's home security system.,Confirmed security system setup,Resolved,A1329
E063,10-10-2023 15:45,Engineer,Promotion Inquiry,Checked availability for a premium sports package.,Provided premium sports package details,Resolved,A1330
E064,10-10-2023 16:30,Billing Department,Loyalty Program Inquiry,Explained the perks of a premium loyalty membership.,Shared premium loyalty benefits,Resolved,A1331
E065,10-10-2023 17:10,Call Centre Agent,Account Management,Assisted a customer in updating their email address.,Updated email address,Resolved,A1332
E066,10-10-2023 18:20,Chatbot Assistant,Service Complaint,Recorded a complaint about intermittent phone line issues.,Initiated phone line check,Pending,A1333
E067,11-10-2023 09:30,Engineer,Device Setup Guidance,Provided guidance for connecting a customer's smart home devices.,Confirmed device connectivity,Resolved,A1334
E068,11-10-2023 10:45,Field Agent,Promotion Inquiry,Shared information about a bundled service offer.,Provided bundle offer details,Resolved,A1335
E069,11-10-2023 11:15,Billing Department,Service Complaint,Resolved a dispute regarding data overage charges.,Adjusted data overage charges,Resolved,A1336
E070,11-10-2023 12:25,Call Centre Agent,Account Management,Helped a customer change their payment method.,Updated payment method,Resolved,A1337
E071,11-10-2023 13:40,Chatbot Assistant,Service Complaint,Recorded a complaint about poor Wi-Fi coverage.,Initiated Wi-Fi coverage check,Pending,A1338
E072,11-10-2023 14:55,Field Agent,Device Setup Guidance,Guided the setup of a customer's home automation system.,Confirmed home automation setup,Resolved,A1339
E073,11-10-2023 15:45,Engineer,Promotion Inquiry,Checked eligibility for a new on-demand movie service.,Provided on-demand movie service details,Resolved,A1340
E074,11-10-2023 16:30,Billing Department,Loyalty Program Inquiry,Assisted in redeeming loyalty reward points for a gift card.,Processed gift card redemption,Resolved,A1341
E075,11-10-2023 17:10,Call Centre Agent,Account Management,Helped a customer update their contact preferences.,Updated contact preferences,Resolved,A1342
E076,11-10-2023 18:20,Chatbot Assistant,Service Complaint,Recorded a complaint about frequent service outages.,Initiated service outage check,Pending,A1343
E077,12-10-2023 09:30,Engineer,Device Setup Guidance,Assisted with setting up a customer's home security cameras.,Confirmed camera setup,Resolved,A1344
E078,12-10-2023 10:45,Field Agent,Promotion Inquiry,Provided details on a limited-time internet speed upgrade offer.,Shared upgrade offer details,Resolved,A1345
E079,12-10-2023 11:15,Billing Department,Service Complaint,Resolved a billing dispute related to incorrect charges.,Adjusted incorrect charges,Resolved,A1346
E080,12-10-2023 12:25,Call Centre Agent,Account Management,Assisted a customer in changing their subscription plan.,Updated subscription plan,Resolved,A1347
E081,12-10-2023 13:40,Chatbot Assistant,Service Complaint,Recorded a complaint about a phone line disruption.,Initiated phone line check,Pending,A1348
E082,12-10-2023 14:55,Field Agent,Device Setup Guidance,Guided the setup of a customer's smart home lighting system.,Confirmed lighting system setup,Resolved,A1349
E083,12-10-2023 15:45,Engineer,Promotion Inquiry,Checked availability for a new sports streaming package.,Provided sports streaming package details,Resolved,A1350
E084,12-10-2023 16:30,Billing Department,Loyalty Program Inquiry,Explained the benefits of the platinum loyalty tier.,Shared platinum loyalty benefits,Resolved,A1351
E085,12-10-2023 17:10,Call Centre Agent,Account Management,Helped a customer update their payment method.,Updated payment method,Resolved,A1352
E086,12-10-2023 18:20,Chatbot Assistant,Service Complaint,Recorded a complaint about internet connectivity issues.,Initiated connectivity check,Pending,A1353
E087,13-10-2023 09:30,Engineer,Device Setup Guidance,Provided instructions for connecting a customer's smart refrigerator.,Confirmed refrigerator setup,Resolved,A1354
E088,13-10-2023 10:45,Field Agent,Promotion Inquiry,Shared information about a bundled home security package.,Provided security package details,Resolved,A1355
E089,13-10-2023 11:15,Billing Department,Service Complaint,Investigated billing discrepancies related to international roaming charges.,Adjusted roaming charges,Resolved,A1356
E090,13-10-2023 12:25,Call Centre Agent,Account Management,Assisted a customer in changing their email address.,Updated email address,Resolved,A1357
E091,13-10-2023 13:40,Chatbot Assistant,Service Complaint,Recorded a complaint about TV channel freezing issues.,Initiated channel optimization,Pending,A1358
E092,13-10-2023 14:55,Field Agent,Device Setup Guidance,Guided the setup of a customer's home entertainment system.,Confirmed entertainment system setup,Resolved,A1359
E093,13-10-2023 15:45,Engineer,Promotion Inquiry,Checked availability for a new music streaming service.,Provided music streaming service details,Resolved,A1360
E094,13-10-2023 16:30,Billing Department,Loyalty Program Inquiry,Assisted in redeeming loyalty reward points for a gift card.,Processed gift card redemption,Resolved,A1361
E095,13-10-2023 17:10,Call Centre Agent,Account Management,Helped a customer update their contact preferences.,Updated contact preferences,Resolved,A1362
E096,13-10-2023 18:20,Chatbot Assistant,Service Complaint,Recorded a complaint about frequent Wi-Fi dropouts.,Initiated Wi-Fi stability check,Pending,A1363
E097,14-10-2023 09:30,Engineer,Device Setup Guidance,Provided guidance for setting up a customer's smart thermostat.,Confirmed thermostat setup,Resolved,A1364
E098,14-10-2023 10:45,Field Agent,Promotion Inquiry,Shared information about a limited-time TV channel package offer.,Provided channel package details,Resolved,A1365
E099,14-10-2023 11:15,Billing Department,Service Complaint,Resolved a billing dispute related to incorrect data charges.,Adjusted incorrect data charges,Resolved,A1366
E100,14-10-2023 12:25,Call Centre Agent,Account Management,Assisted a customer in changing their subscription plan.,Updated subscription plan,Resolved,A1367
E101,14-10-2023 13:40,Chatbot Assistant,Service Complaint,Recorded a complaint about slow internet speeds.,Initiated speed test,Pending,A1368
E102,14-10-2023 14:55,Field Agent,Device Setup Guidance,Guided the setup of a customer's smart lighting system.,Confirmed lighting system setup,Resolved,A1369
E103,14-10-2023 15:45,Engineer,Promotion Inquiry,Checked availability for a new premium movie channel.,Provided premium movie channel details,Resolved,A1370
E104,14-10-2023 16:30,Billing Department,Loyalty Program Inquiry,Explained the benefits of the gold loyalty tier.,Shared gold loyalty benefits,Resolved,A1371
E105,14-10-2023 17:10,Call Centre Agent,Account Management,Helped a customer update their payment method.,Updated payment method,Resolved,A1372
E106,15-10-2023 09:30,Engineer,Device Setup Guidance,Assisted with setting up a customer's home automation system.,Confirmed automation setup,Resolved,A1373
E107,15-10-2023 10:45,Field Agent,Promotion Inquiry,Shared information about a bundled home phone package.,Provided phone package details,Resolved,A1374
E108,15-10-2023 11:15,Billing Department,Service Complaint,Investigated billing discrepancies related to call charges.,Adjusted call charges,Resolved,A1375
E109,15-10-2023 12:25,Call Centre Agent,Account Management,Assisted a customer in changing their email address.,Updated email address,Resolved,A1376
E110,15-10-2023 13:40,Chatbot Assistant,Service Complaint,Recorded a complaint about intermittent TV signal.,Initiated signal check,Pending,A1377
E111,15-10-2023 14:55,Field Agent,Device Setup Guidance,Guided the setup of a customer's smart thermostat.,Confirmed thermostat setup,Resolved,A1378
E112,15-10-2023 15:45,Engineer,Promotion Inquiry,Checked availability for a new streaming service.,Provided streaming service details,Resolved,A1379
E113,15-10-2023 16:30,Billing Department,Loyalty Program Inquiry,Assisted in redeeming loyalty reward points for a gift card.,Processed gift card redemption,Resolved,A1380
E114,15-10-2023 17:10,Call Centre Agent,Account Management,Helped a customer update their contact preferences.,Updated contact preferences,Resolved,A1381
E115,15-10-2023 18:20,Chatbot Assistant,Service Complaint,Recorded a complaint about slow internet speeds.,Initiated speed test,Pending,A1382
E116,16-10-2023 09:30,Engineer,Device Setup Guidance,Provided guidance for setting up a customer's smart refrigerator.,Confirmed refrigerator setup,Resolved,A1383
E117,16-10-2023 10:45,Field Agent,Promotion Inquiry,Shared information about a limited-time TV streaming package offer.,Provided streaming package details,Resolved,A1384
E118,16-10-2023 11:15,Billing Department,Service Complaint,Resolved a billing dispute related to incorrect data charges.,Adjusted incorrect data charges,Resolved,A1385
E119,16-10-2023 12:25,Call Centre Agent,Account Management,Assisted a customer in changing their subscription plan.,Updated subscription plan,Resolved,A1386
E120,16-10-2023 13:40,Chatbot Assistant,Service Complaint,Recorded a complaint about phone line noise.,Initiated phone line check,Pending,A1387
E121,16-10-2023 14:55,Field Agent,Device Setup Guidance,Guided the setup of a customer's smart home lighting system.,Confirmed lighting system setup,Resolved,A1388
E122,16-10-2023 15:45,Engineer,Promotion Inquiry,Checked availability for a new premium music streaming service.,Provided music streaming service details,Resolved,A1389
E123,16-10-2023 16:30,Billing Department,Loyalty Program Inquiry,Explained the benefits of the diamond loyalty tier.,Shared diamond loyalty benefits,Resolved,A1390
E124,16-10-2023 17:10,Call Centre Agent,Account Management,Helped a customer update their payment method.,Updated payment method,Resolved,A1391
E125,16-10-2023 18:20,Chatbot Assistant,Service Complaint,Recorded a complaint about frequent Wi-Fi disconnects.,Initiated Wi-Fi stability check,Pending,A1392
E126,17-10-2023 09:30,Engineer,Device Setup Guidance,Assisted with setting up a customer's home security cameras.,Confirmed camera setup,Resolved,A1393
E127,17-10-2023 10:45,Field Agent,Promotion Inquiry,Shared information about a bundled home security package.,Provided security package details,Resolved,A1394
E128,17-10-2023 11:15,Billing Department,Service Complaint,Investigated billing discrepancies related to call charges.,Adjusted call charges,Resolved,A1395
E129,17-10-2023 12:25,Call Centre Agent,Account Management,Assisted a customer in changing their email address.,Updated email address,Resolved,A1396
E130,17-10-2023 13:40,Chatbot Assistant,Service Complaint,Recorded a complaint about intermittent TV signal.,Initiated signal check,Pending,A1397
E131,18-10-2023 09:30,Engineer,Device Setup Guidance,"Provided detailed instructions for configuring a customer's IoT devices, including setting up security protocols and optimizing device performance.",Confirmed setup success,Resolved,A1398
E132,18-10-2023 10:45,Field Agent,Promotion Inquiry,"Presented an extensive breakdown of discounted package options, highlighting the cost savings and additional features available to the customer.",Shared detailed bundle details,Resolved,A1399
E133,18-10-2023 11:15,Billing Department,Service Complaint,"Investigated complex billing discrepancies related to international roaming charges, involving multiple billing cycles and service add-ons.",Adjusted complex billing discrepancies,Resolved,A1400
E134,18-10-2023 12:25,Call Centre Agent,Account Management,"Assisted a customer in changing their subscription plan, providing a comprehensive overview of available plans, including pros and cons.",Updated subscription plan with detailed explanation,Resolved,A1401
E135,18-10-2023 13:40,Chatbot Assistant,Service Complaint,"Recorded a detailed complaint about intermittent TV signal loss, specifying specific time frames and channels affected for a thorough investigation.",Initiated comprehensive signal check,Pending,A1402
E136,18-10-2023 14:55,Field Agent,Device Setup Guidance,"Guided the setup of a customer's intricate smart home security system, involving multiple devices and custom automation rules for enhanced security.",Confirmed detailed security system setup,Resolved,A1403
E137,18-10-2023 15:45,Engineer,Promotion Inquiry,"Conducted an in-depth analysis of available premium sports channel packages, including pricing, channel lineup, and any limited-time offers.",Provided detailed premium sports package information,Resolved,A1404
E138,18-10-2023 16:30,Billing Department,Loyalty Program Inquiry,"Thoroughly explained the benefits of the platinum loyalty tier, highlighting exclusive rewards, early access, and personalized customer support.",Shared comprehensive platinum loyalty benefits,Resolved,A1405
E139,18-10-2023 17:10,Call Centre Agent,Account Management,"Helped a customer update their payment method, offering a step-by-step guide to ensure seamless payment processing and security settings.",Updated payment method with detailed instructions,Resolved,A1406
E140,18-10-2023 18:20,Chatbot Assistant,Service Complaint,"Recorded an in-depth complaint about slow internet speeds during peak hours, specifying specific time frames and types of online activities affected.",Initiated detailed speed test,Pending,A1407
E141,19-10-2023 09:30,Engineer,Device Setup Guidance,"Provided detailed guidance for setting up a customer's intricate smart home automation system, including voice commands and third-party integrations.",Confirmed detailed automation setup,Resolved,A1408
E142,19-10-2023 10:45,Field Agent,Promotion Inquiry,"Shared an extensive breakdown of bundled home phone packages, including international calling rates, call features, and equipment options.",Provided comprehensive phone package details,Resolved,A1409
E143,19-10-2023 11:15,Billing Department,Service Complaint,"Investigated complex billing discrepancies related to international calls, involving multiple billing cycles and detailed call logs.",Adjusted complex international call charges,Resolved,A1410
E144,19-10-2023 12:25,Call Centre Agent,Account Management,"Assisted a customer in changing their email address, providing an in-depth explanation of email settings and synchronization options.",Updated email address with detailed guidance,Resolved,A1411
E145,19-10-2023 13:40,Chatbot Assistant,Service Complaint,"Recorded a detailed complaint about intermittent TV signal loss, specifying specific time frames, affected devices, and recommended troubleshooting steps.",Initiated comprehensive signal check with detailed instructions,Pending,A1412
E146,19-10-2023 14:55,Field Agent,Device Setup Guidance,"Guided the setup of a customer's intricate smart home lighting system, including customized lighting scenes and remote control options.",Confirmed detailed lighting system setup,Resolved,A1413
E147,19-10-2023 15:45,Engineer,Promotion Inquiry,"Conducted a detailed analysis of available premium music streaming services, comparing catalog sizes, audio quality, and personalized playlists.",Provided comprehensive music streaming service information,Resolved,A1414
E148,19-10-2023 16:30,Billing Department,Loyalty Program Inquiry,"Thoroughly explained the benefits of the diamond loyalty tier, highlighting exclusive rewards, priority support, and annual loyalty bonuses.",Shared comprehensive diamond loyalty benefits,Resolved,A1415
E150,20-10-2023 09:30,Engineer,Device Setup Guidance,"Provided an intricate step-by-step guide for configuring a customer's IoT devices, including advanced security protocols, port forwarding, and device optimization.",Confirmed setup success,Resolved,A1416
E151,20-10-2023 10:45,Field Agent,Promotion Inquiry,"Delivered a comprehensive breakdown of discounted package options, showcasing the value proposition with detailed cost-benefit analysis.",Shared detailed bundle details,Resolved,A1417
E152,20-10-2023 11:15,Billing Department,Service Complaint,"Conducted a thorough investigation into complex billing discrepancies related to international roaming charges, involving multiple billing cycles and data usage logs.",Adjusted complex billing discrepancies,Resolved,A1418
E153,20-10-2023 12:25,Call Centre Agent,Account Management,"Assisted a customer in changing their subscription plan, providing a comprehensive overview of available plans, associated discounts, and detailed plan comparisons.",Updated subscription plan with detailed explanation,Resolved,A1419
E154,20-10-2023 13:40,Chatbot Assistant,Service Complaint,"Recorded an extensive complaint about intermittent TV signal loss, specifying specific time frames, channels, and network diagnostics for a thorough investigation.",Initiated comprehensive signal check,Pending,A1420
E155,20-10-2023 14:55,Field Agent,Device Setup Guidance,"Guided the setup of a customer's intricate smart home security system, involving multiple sensors, notifications, and remote monitoring features.",Confirmed detailed security system setup,Resolved,A1421
E156,20-10-2023 15:45,Engineer,Promotion Inquiry,"Conducted an exhaustive analysis of available premium sports channel packages, providing a comprehensive comparison of channel lineup, pricing, and available sports events.",Provided detailed premium sports package information,Resolved,A1422
E157,20-10-2023 16:30,Billing Department,Loyalty Program Inquiry,"Thoroughly explained the benefits of the platinum loyalty tier, highlighting exclusive rewards, access to premium content, and personalized customer support.",Shared comprehensive platinum loyalty benefits,Resolved,A1423
E158,20-10-2023 17:10,Call Centre Agent,Account Management,"Assisted a customer in updating their payment method, offering detailed guidance on payment processing, billing cycles, and payment history access.",Updated payment method with detailed instructions,Resolved,A1424
E159,20-10-2023 18:20,Chatbot Assistant,Service Complaint,"Recorded an in-depth complaint about slow internet speeds during peak hours, specifying specific time frames, affected devices, and recommended troubleshooting steps.",Initiated detailed speed test,Pending,A1425
E160,21-10-2023 09:30,Engineer,Device Setup Guidance,"Provided intricate guidance for setting up a customer's smart home automation system, including advanced voice control, third-party integrations, and energy-saving routines.",Confirmed detailed automation setup,Resolved,A1426
E161,21-10-2023 10:45,Field Agent,Promotion Inquiry,"Shared an extensive breakdown of bundled home phone packages, including international calling rates, call forwarding options, and advanced voicemail features.",Provided comprehensive phone package details,Resolved,A1427
E162,21-10-2023 11:15,Billing Department,Service Complaint,"Investigated complex billing discrepancies related to international calls, involving multiple billing cycles, detailed call logs, and international rate changes.",Adjusted complex international call charges,Resolved,A1428
E163,21-10-2023 12:25,Call Centre Agent,Account Management,"Assisted a customer in changing their email address, providing a detailed explanation of email settings, synchronization options, and email client configurations.",Updated email address with detailed guidance,Resolved,A1429
E164,21-10-2023 13:40,Chatbot Assistant,Service Complaint,"Recorded a detailed complaint about intermittent TV signal loss, specifying specific time frames, affected devices, and recommended troubleshooting steps, along with network diagnostics.",Initiated comprehensive signal check with detailed instructions,Pending,A1430
E166,22-10-2023 09:30,Engineer,Device Setup Guidance,"Provided an intricate step-by-step guide for configuring a customer's IoT devices, including advanced security protocols, port forwarding, and device optimization.",Confirmed setup success,Resolved,A1431
E167,22-10-2023 10:45,Field Agent,Promotion Inquiry,"Delivered a comprehensive breakdown of discounted package options, showcasing the value proposition with detailed cost-benefit analysis.",Shared detailed bundle details,Resolved,A1432
E168,22-10-2023 11:15,Billing Department,Service Complaint,"Conducted a thorough investigation into complex billing discrepancies related to international roaming charges, involving multiple billing cycles and data usage logs.",Adjusted complex billing discrepancies,Resolved,A1433
E169,22-10-2023 12:25,Call Centre Agent,Account Management,"Assisted a customer in changing their subscription plan, providing a comprehensive overview of available plans, associated discounts, and detailed plan comparisons.",Updated subscription plan with detailed explanation,Resolved,A1434
E170,22-10-2023 13:40,Chatbot Assistant,Service Complaint,"Recorded an extensive complaint about intermittent TV signal loss, specifying specific time frames, channels, and network diagnostics for a thorough investigation.",Initiated comprehensive signal check,Pending,A1435
E171,22-10-2023 14:55,Field Agent,Device Setup Guidance,"Guided the setup of a customer's intricate smart home security system, involving multiple sensors, notifications, and remote monitoring features.",Confirmed detailed security system setup,Resolved,A1436
E172,22-10-2023 15:45,Engineer,Promotion Inquiry,"Conducted an exhaustive analysis of available premium sports channel packages, providing a comprehensive comparison of channel lineup, pricing, and available sports events.",Provided detailed premium sports package information,Resolved,A1437
E173,22-10-2023 16:30,Billing Department,Loyalty Program Inquiry,"Thoroughly explained the benefits of the platinum loyalty tier, highlighting exclusive rewards, access to premium content, and personalized customer support.",Shared comprehensive platinum loyalty benefits,Resolved,A1438
E174,22-10-2023 17:10,Call Centre Agent,Account Management,"Assisted a customer in updating their payment method, offering detailed guidance on payment processing, billing cycles, and payment history access.",Updated payment method with detailed instructions,Resolved,A1439
E175,22-10-2023 18:20,Chatbot Assistant,Service Complaint,"Recorded an in-depth complaint about slow internet speeds during peak hours, specifying specific time frames, affected devices, and recommended troubleshooting steps.",Initiated detailed speed test,Pending,A1440
E176,23-10-2023 09:30,Engineer,Device Setup Guidance,"Provided intricate guidance for setting up a customer's smart home automation system, including advanced voice control, third-party integrations, and energy-saving routines.",Confirmed detailed automation setup,Resolved,A1441
E177,23-10-2023 10:45,Field Agent,Promotion Inquiry,"Shared an extensive breakdown of bundled home phone packages, including international calling rates, call forwarding options, and advanced voicemail features.",Provided comprehensive phone package details,Resolved,A1442
E178,23-10-2023 11:15,Billing Department,Service Complaint,"Investigated complex billing discrepancies related to international calls, involving multiple billing cycles, detailed call logs, and international rate changes.",Adjusted complex international call charges,Resolved,A1443
E179,23-10-2023 12:25,Call Centre Agent,Account Management,"Assisted a customer in changing their email address, providing a detailed explanation of email settings, synchronization options, and email client configurations.",Updated email address with detailed guidance,Resolved,A1444
E180,23-10-2023 13:40,Chatbot Assistant,Service Complaint,"Recorded a detailed complaint about intermittent TV signal loss, specifying specific time frames, affected devices, and recommended troubleshooting steps, along with network diagnostics.",Initiated comprehensive signal check with detailed instructions,Pending,A1445
E181,23-10-2023 14:55,Field Agent,Device Setup Guidance,"Guided the setup of a customer's intricate smart home lighting system, including customized lighting scenes and remote control options.",Confirmed detailed lighting system setup,Resolved,A1446
E182,23-10-2023 15:45,Engineer,Promotion Inquiry,"Conducted an extensive analysis of available premium music streaming services, comparing catalog sizes, audio quality, and personalized playlists.",Provided comprehensive music streaming service information,Resolved,A1447
E183,23-10-2023 16:30,Billing Department,Loyalty Program Inquiry,"Thoroughly explained the benefits of the diamond loyalty tier, highlighting exclusive rewards, priority support, and annual loyalty bonuses.",Shared comprehensive diamond loyalty benefits,Resolved,A1448
E184,23-10-2023 17:10,Call Centre Agent,Account Management,"Helped a customer update their payment method, offering a step-by-step guide to ensure seamless payment processing and security settings.",Updated payment method with detailed instructions,Resolved,A1449
E185,23-10-2023 18:20,Chatbot Assistant,Service Complaint,"Recorded an in-depth complaint about frequent Wi-Fi disconnects, specifying specific time frames, affected devices, and recommended troubleshooting steps.",Initiated Wi-Fi stability check with detailed instructions,Pending,A1450
E186,24-10-2023 09:30,Engineer,Device Setup Guidance,"Provided a comprehensive and highly technical guide for configuring a customer's IoT devices, including advanced security protocols, network optimization, and troubleshooting steps.",Confirmed setup success,Resolved,A1451
E187,24-10-2023 10:45,Field Agent,Promotion Inquiry,"Delivered an in-depth breakdown of discounted package options, including detailed cost analyses, contract terms, and available promotions.",Shared detailed bundle details,Resolved,A1452
E188,24-10-2023 11:15,Billing Department,Service Complaint,"Conducted an extensive investigation into complex billing discrepancies related to international roaming charges, involving multiple billing cycles, data usage logs, and international rate changes.",Adjusted complex billing discrepancies,Resolved,A1453
E189,24-10-2023 12:25,Call Centre Agent,Account Management,"Assisted a customer in changing their subscription plan, providing a comprehensive overview of available plans, contract terms, and personalized plan recommendations.",Updated subscription plan with detailed explanation,Resolved,A1454
E190,24-10-2023 13:40,Chatbot Assistant,Service Complaint,"Recorded an exhaustive complaint about intermittent TV signal loss, specifying specific time frames, channels, affected devices, and recommended troubleshooting steps, along with network diagnostics.",Initiated comprehensive signal check with detailed instructions,Pending,A1455
E191,24-10-2023 14:55,Field Agent,Device Setup Guidance,"Guided the setup of a customer's intricate smart home security system, involving multiple sensors, notifications, custom automation rules, and remote monitoring features.",Confirmed detailed security system setup,Resolved,A1456
E192,24-10-2023 15:45,Engineer,Promotion Inquiry,"Conducted an exhaustive analysis of available premium sports channel packages, providing a comprehensive comparison of channel lineup, pricing, and available sports events, including historical statistics and viewer ratings.",Provided detailed premium sports package information,Resolved,A1457
E193,24-10-2023 16:30,Billing Department,Loyalty Program Inquiry,"Thoroughly explained the benefits of the diamond loyalty tier, highlighting exclusive rewards, priority support, annual loyalty bonuses, and personalized content recommendations.",Shared comprehensive diamond loyalty benefits,Resolved,A1458
E194,24-10-2023 17:10,Call Centre Agent,Account Management,"Helped a customer update their payment method, offering a step-by-step guide to ensure seamless payment processing, security settings, and advanced payment history analysis.",Updated payment method with detailed instructions,Resolved,A1459
E195,24-10-2023 18:20,Chatbot Assistant,Service Complaint,"Recorded an in-depth complaint about slow internet speeds during peak hours, specifying specific time frames, affected devices, and recommended troubleshooting steps, along with network diagnostics and suggestions for optimizing the home network.",Initiated detailed speed test,Pending,A1460
E196,25-10-2023 09:30,Engineer,Device Setup Guidance,"Provided an intricate step-by-step guide for configuring a customer's IoT devices, including advanced security protocols, port forwarding, and device optimization, along with troubleshooting tips for common issues.",Confirmed setup success,Resolved,A1461
E197,25-10-2023 10:45,Field Agent,Promotion Inquiry,"Delivered an in-depth breakdown of discounted package options, including detailed cost analyses, contract terms, available promotions, and long-term benefits for the customer.",Shared detailed bundle details,Resolved,A1462
E198,25-10-2023 11:15,Billing Department,Service Complaint,"Conducted an extensive investigation into complex billing discrepancies related to international roaming charges, involving multiple billing cycles, data usage logs, international rate changes, and detailed international call history analysis.",Adjusted complex billing discrepancies,Resolved,A1463
E199,25-10-2023 12:25,Call Centre Agent,Account Management,"Assisted a customer in changing their subscription plan, providing a comprehensive overview of available plans, contract terms, personalized plan recommendations, and future upgrade options.",Updated subscription plan with detailed explanation,Resolved,A1464
E200,25-10-2023 13:40,Chatbot Assistant,Service Complaint,"Recorded an exhaustive complaint about intermittent TV signal loss, specifying specific time frames, channels, affected devices, and recommended troubleshooting steps, along with network diagnostics and advanced network optimization techniques.",Initiated comprehensive signal check with detailed instructions,Pending,A1465
E201,25-10-2023 14:55,Field Agent,Device Setup Guidance,"Guided the setup of a customer's intricate smart home security system, involving multiple sensors, notifications, custom automation rules, remote monitoring features, and integration with third-party security services.",Confirmed detailed security system setup,Resolved,A1466
E202,25-10-2023 15:45,Engineer,Promotion Inquiry,"Conducted an exhaustive analysis of available premium sports channel packages, providing a comprehensive comparison of channel lineup, pricing, available sports events, historical statistics, viewer ratings, and recommendations based on customer preferences.",Provided detailed premium sports package information,Resolved,A1467
E203,25-10-2023 16:30,Billing Department,Loyalty Program Inquiry,"Thoroughly explained the benefits of the diamond loyalty tier, highlighting exclusive rewards, priority support, annual loyalty bonuses, personalized content recommendations, and advanced loyalty program analytics.",Shared comprehensive diamond loyalty benefits,Resolved,A1468
E204,25-10-2023 17:10,Call Centre Agent,Account Management,"Helped a customer update their payment method, offering a step-by-step guide to ensure seamless payment processing, security settings, advanced payment history analysis, and tax documentation access.",Updated payment method with detailed instructions,Resolved,A1469
E205,25-10-2023 18:20,Chatbot Assistant,Service Complaint,"Recorded an in-depth complaint about slow internet speeds during peak hours, specifying specific time frames, affected devices, and recommended troubleshooting steps, along with network diagnostics, home network optimization suggestions, and personalized bandwidth allocation options.",Initiated detailed speed test,Pending,A1470
E206,26-10-2023 09:30,Engineer,Device Setup Guidance,"Provided comprehensive guidance for setting up a customer's smart home automation system, including advanced voice control, third-party integrations, energy-saving routines, geolocation-based automation, and multi-user profiles.",Confirmed detailed automation setup,Resolved,A1471
E207,26-10-2023 10:45,Field Agent,Promotion Inquiry,"Shared an extensive breakdown of bundled home phone packages, including international calling rates, call forwarding options, advanced voicemail features, international call bundles, and seamless device integration.",Provided comprehensive phone package details,Resolved,A1472
E208,26-10-2023 11:15,Billing Department,Service Complaint,"Investigated complex billing discrepancies related to international calls, involving multiple billing cycles, detailed call logs, international rate changes, advanced dispute resolution procedures, and comprehensive audit trail access.",Adjusted complex international call charges,Resolved,A1473
E209,26-10-2023 12:25,Call Centre Agent,Account Management,"Assisted a customer in changing their email address, providing a detailed explanation of email settings, synchronization options, email client configurations, advanced email filtering, and automated folder organization options.",Updated email address with detailed guidance,Resolved,A1474
E210,26-10-2023 13:40,Chatbot Assistant,Service Complaint,"Recorded an extensive complaint about intermittent TV signal loss, specifying specific time frames, channels, affected devices, and recommended troubleshooting steps, along with network diagnostics, advanced signal strength analysis, and recommendations for optimizing Wi-Fi coverage.",Initiated comprehensive signal check with detailed instructions,Pending,A1475
E211,26-10-2023 14:55,Field Agent,Device Setup Guidance,"Guided the setup of a customer's intricate smart home lighting system, including customized lighting scenes, remote control options, voice-activated color themes, and synchronization with music and movies.",Confirmed detailed lighting system setup,Resolved,A1476
E212,26-10-2023 15:45,Engineer,Promotion Inquiry,"Conducted an extensive analysis of available premium music streaming services, comparing catalog sizes, audio quality, personalized playlists, collaborative playlists, and advanced audio analytics for personalized music recommendations.",Provided comprehensive music streaming service information,Resolved,A1477
E213,26-10-2023 16:30,Billing Department,Loyalty Program Inquiry,"Thoroughly explained the benefits of the diamond loyalty tier, highlighting exclusive rewards, priority support, annual loyalty bonuses, personalized content recommendations, advanced reward point redemption options, and personalized customer retention strategies.",Shared comprehensive diamond loyalty benefits,Resolved,A1478
E214,26-10-2023 17:10,Call Centre Agent,Account Management,"Helped a customer update their payment method, offering a step-by-step guide to ensure seamless payment processing, security settings, advanced payment history analysis, tax documentation access, and advanced budgeting tools.",Updated payment method with detailed instructions,Resolved,A1479
E215,26-10-2023 18:20,Chatbot Assistant,Service Complaint,"Recorded an in-depth complaint about slow internet speeds during peak hours, specifying specific time frames, affected devices, and recommended troubleshooting steps, along with network diagnostics, home network optimization suggestions, personalized bandwidth allocation options, and detailed network congestion analysis.",Initiated detailed speed test,Pending,A1480
E216,27-10-2023 09:30,Engineer,Device Setup Guidance,"Provided a comprehensive and highly technical guide for configuring a customer's IoT devices, including advanced security protocols, port forwarding, device optimization, troubleshooting tips, and advanced device health monitoring options.",Confirmed setup success,Resolved,A1481
E217,27-10-2023 10:45,Field Agent,Promotion Inquiry,"Delivered an in-depth breakdown of discounted package options, including detailed cost analyses, contract terms, available promotions, long-term benefits, and advanced package customization options.",Shared detailed bundle details,Resolved,A1482
E218,27-10-2023 11:15,Billing Department,Service Complaint,"Conducted an extensive investigation into complex billing discrepancies related to international roaming charges, involving multiple billing cycles, data usage logs, international rate changes, detailed international call history analysis, and advanced fraud detection techniques.",Adjusted complex billing discrepancies,Resolved,A1483
E219,27-10-2023 12:25,Call Centre Agent,Account Management,"Assisted a customer in changing their subscription plan, providing a comprehensive overview of available plans, contract terms, personalized plan recommendations, and future upgrade options.",Updated subscription plan with detailed explanation,Resolved,A1484
E220,27-10-2023 13:40,Chatbot Assistant,Service Complaint,"Recorded an exhaustive complaint about intermittent TV signal loss, specifying specific time frames, channels, affected devices, and recommended troubleshooting steps, along with network diagnostics, advanced signal strength analysis, and recommendations for optimizing Wi-Fi coverage.",Initiated comprehensive signal check with detailed instructions,Pending,A1485
E221,27-10-2023 14:55,Field Agent,Device Setup Guidance,"Guided the setup of a customer's intricate smart home security system, involving multiple sensors, notifications, custom automation rules, remote monitoring features, integration with third-party security services, and advanced AI-powered intrusion detection settings.",Confirmed detailed security system setup,Resolved,A1486
E222,27-10-2023 15:45,Engineer,Promotion Inquiry,"Conducted an exhaustive analysis of available premium sports channel packages, providing a comprehensive comparison of channel lineup, pricing, available sports events, historical statistics, viewer ratings, and recommendations based on customer preferences, including interactive sports simulations.",Provided detailed premium sports package information,Resolved,A1487
E223,27-10-2023 16:30,Billing Department,Loyalty Program Inquiry,"Thoroughly explained the benefits of the diamond loyalty tier, highlighting exclusive rewards, priority support, annual loyalty bonuses, personalized content recommendations, advanced reward point redemption options, personalized customer retention strategies, and advanced customer segmentation analytics.",Shared comprehensive diamond loyalty benefits,Resolved,A1488
E224,27-10-2023 17:10,Call Centre Agent,Account Management,"Helped a customer update their payment method, offering a step-by-step guide to ensure seamless payment processing, security settings, advanced payment history analysis, tax documentation access, advanced budgeting tools, and personalized financial planning recommendations.",Updated payment method with detailed instructions,Resolved,A1489
E225,27-10-2023 18:20,Chatbot Assistant,Service Complaint,"Recorded an in-depth complaint about slow internet speeds during peak hours, specifying specific time frames, affected devices, and recommended troubleshooting steps, along with network diagnostics, home network optimization suggestions, personalized bandwidth allocation options, detailed network congestion analysis, and advanced QoS configuration options.",Initiated detailed speed test,Pending,A1490
E226,28-10-2023 09:30,Engineer,Device Setup Guidance,"Provided comprehensive guidance for setting up a customer's smart home automation system, including advanced voice control, third-party integrations, energy-saving routines, geolocation-based automation, multi-user profiles, and advanced AI-powered personalization.",Confirmed detailed automation setup,Resolved,A1491
E227,28-10-2023 10:45,Field Agent,Promotion Inquiry,"Shared an extensive breakdown of bundled home phone packages, including international calling rates, call forwarding options, advanced voicemail features, international call bundles, and seamless device integration with smart home systems.",Provided comprehensive phone package details,Resolved,A1492
E228,28-10-2023 11:15,Billing Department,Service Complaint,"Investigated complex billing discrepancies related to international calls, involving multiple billing cycles, detailed call logs, international rate changes, advanced fraud detection techniques, and comprehensive audit trail access.",Adjusted complex international call charges,Resolved,A1493
E229,28-10-2023 12:25,Call Centre Agent,Account Management,"Assisted a customer in changing their email address, providing a detailed explanation of email settings, synchronization options, email client configurations, advanced email filtering, automated folder organization options, and email archiving solutions.",Updated email address with detailed guidance,Resolved,A1494
E230,28-10-2023 13:40,Chatbot Assistant,Service Complaint,"Recorded an exhaustive complaint about intermittent TV signal loss, specifying specific time frames, channels, affected devices, and recommended troubleshooting steps, along with network diagnostics, advanced signal strength analysis, recommendations for optimizing Wi-Fi coverage, and AI-powered content recommendation options.",Initiated comprehensive signal check with detailed instructions,Pending,A1495
E231,28-10-2023 14:55,Field Agent,Device Setup Guidance,"Guided the setup of a customer's intricate smart home lighting system, including customized lighting scenes, remote control options, voice-activated color themes, synchronization with music and movies, and advanced energy-efficient lighting schedules.",Confirmed detailed lighting system setup,Resolved,A1496
E232,28-10-2023 15:45,Engineer,Promotion Inquiry,"Conducted an extensive analysis of available premium music streaming services, comparing catalog sizes, audio quality, personalized playlists, collaborative playlists, advanced audio analytics, and personalized music recommendations, along with in-depth music genre preferences analysis.",Provided comprehensive music streaming service information,Resolved,A1497
E233,28-10-2023 16:30,Billing Department,Loyalty Program Inquiry,"Thoroughly explained the benefits of the diamond loyalty tier, highlighting exclusive rewards, priority support, annual loyalty bonuses, personalized content recommendations, advanced reward point redemption options, personalized customer retention strategies, and advanced customer segmentation analytics, along with AI-driven targeted promotions.",Shared comprehensive diamond loyalty benefits,Resolved,A1498
E234,28-10-2023 17:10,Call Centre Agent,Account Management,"Helped a customer update their payment method, offering a step-by-step guide to ensure seamless payment processing, security settings, advanced payment history analysis, tax documentation access, advanced budgeting tools, personalized financial planning recommendations, and personalized investment portfolio suggestions.",Updated payment method with detailed instructions,Resolved,A1499
E235,28-10-2023 18:20,Chatbot Assistant,Service Complaint,"Recorded an in-depth complaint about slow internet speeds during peak hours, specifying specific time frames, affected devices, and recommended troubleshooting steps, along with network diagnostics, home network optimization suggestions, personalized bandwidth allocation options, detailed network congestion analysis, advanced QoS configuration options, and AI-driven predictive network maintenance recommendations.",Initiated detailed speed test,Pending,A1500
E236,29-10-2023 09:30,Engineer,Device Setup Guidance,"Provided a comprehensive and highly technical guide for configuring a customer's IoT devices, including advanced security protocols, port forwarding, device optimization, troubleshooting tips for common issues, and advanced device health monitoring options, along with AI-driven predictive device maintenance recommendations.",Confirmed setup success,Resolved,A1501
E237,29-10-2023 10:45,Field Agent,Promotion Inquiry,"Delivered an in-depth breakdown of bundled home phone packages, including international calling rates, call forwarding options, advanced voicemail features, international call bundles, seamless device integration with smart home systems, and personalized smart home automation suggestions.",Shared detailed bundle details,Resolved,A1502
E238,29-10-2023 11:15,Billing Department,Service Complaint,"Conducted an extensive investigation into complex billing discrepancies related to international roaming charges, involving multiple billing cycles, detailed call logs, international rate changes, advanced fraud detection techniques, and comprehensive audit trail access, along with AI-driven fraud prediction and prevention measures.",Adjusted complex billing discrepancies,Resolved,A1503
E239,29-10-2023 12:25,Call Centre Agent,Account Management,"Assisted a customer in changing their email address, providing a detailed explanation of email settings, synchronization options, email client configurations, advanced email filtering, automated folder organization options, email archiving solutions, and AI-driven email content classification recommendations.",Updated email address with detailed guidance,Resolved,A1504
E240,29-10-2023 13:40,Chatbot Assistant,Service Complaint,"Recorded an exhaustive complaint about intermittent TV signal loss, specifying specific time frames, channels, affected devices, and recommended troubleshooting steps, along with network diagnostics, advanced signal strength analysis, recommendations for optimizing Wi-Fi coverage, AI-driven content recommendation options, and personalized content scheduling suggestions.",Initiated comprehensive signal check with detailed instructions,Pending,A1505
E241,29-10-2023 14:55,Field Agent,Device Setup Guidance,"Guided the setup of a customer's intricate smart home security system, involving multiple sensors, notifications, custom automation rules, remote monitoring features, integration with third-party security services, advanced AI-powered intrusion detection settings, and predictive security threat alerts.",Confirmed detailed security system setup,Resolved,A1506
E242,29-10-2023 15:45,Engineer,Promotion Inquiry,"Conducted an extensive analysis of available premium music streaming services, comparing catalog sizes, audio quality, personalized playlists, collaborative playlists, advanced audio analytics, personalized music recommendations, and in-depth artist insights, along with AI-driven music discovery suggestions.",Provided comprehensive music streaming service information,Resolved,A1507
E243,29-10-2023 16:30,Billing Department,Loyalty Program Inquiry,"Thoroughly explained the benefits of the diamond loyalty tier, highlighting exclusive rewards, priority support, annual loyalty bonuses, personalized content recommendations, advanced reward point redemption options, personalized customer retention strategies, AI-driven targeted promotions, and predictive customer lifetime value analysis.",Shared comprehensive diamond loyalty benefits,Resolved,A1508
E244,29-10-2023 17:10,Call Centre Agent,Account Management,"Helped a customer update their payment method, offering a step-by-step guide to ensure seamless payment processing, security settings, advanced payment history analysis, tax documentation access, advanced budgeting tools, personalized financial planning recommendations, personalized investment portfolio suggestions, and AI-driven investment risk assessments.",Updated payment method with detailed instructions,Resolved,A1509
E245,29-10-2023 18:20,Chatbot Assistant,Service Complaint,"Recorded an in-depth complaint about slow internet speeds during peak hours, specifying specific time frames, affected devices, and recommended troubleshooting steps, along with network diagnostics, home network optimization suggestions, personalized bandwidth allocation options, detailed network congestion analysis, advanced QoS configuration options, AI-driven predictive network maintenance recommendations, and personalized content delivery options.",Initiated detailed speed test,Pending,A1510
E246,30-10-2023 09:30,Engineer,Device Setup Guidance,"Provided comprehensive guidance for setting up a customer's smart home automation system, including advanced voice control, third-party integrations, energy-saving routines, geolocation-based automation, multi-user profiles, advanced AI-powered personalization, and predictive device health monitoring.",Confirmed detailed automation setup,Resolved,A1511
E247,30-10-2023 10:45,Field Agent,Promotion Inquiry,"Shared an extensive breakdown of bundled home phone packages, including international calling rates, call forwarding options, advanced voicemail features, international call bundles, seamless device integration with smart home systems, personalized smart home automation suggestions, and AI-driven predictive home automation recommendations.",Shared detailed bundle details,Resolved,A1512
E248,30-10-2023 11:15,Billing Department,Service Complaint,"Investigated complex billing discrepancies related to international calls, involving multiple billing cycles, detailed call logs, international rate changes, advanced fraud detection techniques, comprehensive audit trail access, and AI-driven fraud prediction and prevention measures, along with personalized billing optimization suggestions.",Adjusted complex international call charges,Resolved,A1513
E249,30-10-2023 12:25,Call Centre Agent,Account Management,"Assisted a customer in changing their email address, providing a detailed explanation of email settings, synchronization options, email client configurations, advanced email filtering, automated folder organization options, email archiving solutions, AI-driven email content classification recommendations, and predictive email response analysis.",Updated email address with detailed guidance,Resolved,A1514
E250,30-10-2023 13:40,Chatbot Assistant,Service Complaint,"Recorded an exhaustive complaint about intermittent TV signal loss, specifying specific time frames, channels, affected devices, and recommended troubleshooting steps, along with network diagnostics, advanced signal strength analysis, recommendations for optimizing Wi-Fi coverage, AI-driven content recommendation options, personalized content scheduling suggestions, and predictive content viewing patterns analysis.",Initiated comprehensive signal check with detailed instructions,Pending,A1515
E251,30-10-2023 14:55,Field Agent,Device Setup Guidance,"Guided the setup of a customer's intricate smart home lighting system, including customized lighting scenes, remote control options, voice-activated color themes, synchronization with music and movies, advanced energy-efficient lighting schedules, and predictive lighting preferences analysis.",Confirmed detailed lighting system setup,Resolved,A1516
E252,30-10-2023 15:45,Engineer,Promotion Inquiry,"Conducted an extensive analysis of available premium music streaming services, comparing catalog sizes, audio quality, personalized playlists, collaborative playlists, advanced audio analytics, personalized music recommendations, in-depth artist insights, and predictive music discovery suggestions.",Provided comprehensive music streaming service information,Resolved,A1517
E253,30-10-2023 16:30,Billing Department,Loyalty Program Inquiry,"Thoroughly explained the benefits of the diamond loyalty tier, highlighting exclusive rewards, priority support, annual loyalty bonuses, personalized content recommendations, advanced reward point redemption options, personalized customer retention strategies, AI-driven targeted promotions, and predictive customer lifetime value analysis, along with personalized loyalty engagement plans.",Shared comprehensive diamond loyalty benefits,Resolved,A1518
E254,30-10-2023 17:10,Call Centre Agent,Account Management,"Helped a customer update their payment method, offering a step-by-step guide to ensure seamless payment processing, security settings, advanced payment history analysis, tax documentation access, advanced budgeting tools, personalized financial planning recommendations, personalized investment portfolio suggestions, and AI-driven investment risk assessments, along with personalized investment portfolio optimization strategies.",Updated payment method with detailed instructions,Resolved,A1519
E255,30-10-2023 18:20,Chatbot Assistant,Service Complaint,"Recorded an in-depth complaint about slow internet speeds during peak hours, specifying specific time frames, affected devices, and recommended troubleshooting steps, along with network diagnostics, home network optimization suggestions, personalized bandwidth allocation options, detailed network congestion analysis, advanced QoS configuration options, AI-driven predictive network maintenance recommendations, personalized content delivery options, and personalized content recommendation algorithms.",Initiated detailed speed test,Pending,A1520
E256,31-10-2023 09:30,Engineer,Device Setup Guidance,"Provided a comprehensive and highly technical guide for configuring a customer's IoT devices, including advanced security protocols, port forwarding, device optimization, troubleshooting tips for common issues, advanced device health monitoring options, AI-driven predictive device maintenance recommendations, and personalized IoT device usage patterns analysis.",Confirmed setup success,Resolved,A1521
E257,31-10-2023 10:45,Field Agent,Promotion Inquiry,"Delivered an in-depth breakdown of bundled home phone packages, including international calling rates, call forwarding options, advanced voicemail features, international call bundles, seamless device integration with smart home systems, personalized smart home automation suggestions, AI-driven predictive home automation recommendations, and personalized home phone usage patterns analysis.",Shared detailed bundle details,Resolved,A1522
E258,31-10-2023 11:15,Billing Department,Service Complaint,"Conducted an extensive investigation into complex billing discrepancies related to international roaming charges, involving multiple billing cycles, detailed call logs, international rate changes, advanced fraud detection techniques, comprehensive audit trail access, AI-driven fraud prediction and prevention measures, and personalized billing optimization suggestions, along with personalized billing usage patterns analysis.",Adjusted complex billing discrepancies,Resolved,A1523
E259,31-10-2023 12:25,Call Centre Agent,Account Management,"Assisted a customer in changing their email address, providing a detailed explanation of email settings, synchronization options, email client configurations, advanced email filtering, automated folder organization options, email archiving solutions, AI-driven email content classification recommendations, predictive email response analysis, and personalized email usage patterns analysis.",Updated email address with detailed guidance,Resolved,A1524
E260,31-10-2023 13:40,Chatbot Assistant,Service Complaint,"Recorded an exhaustive complaint about intermittent TV signal loss, specifying specific time frames, channels, affected devices, and recommended troubleshooting steps, along with network diagnostics, advanced signal strength analysis, recommendations for optimizing Wi-Fi coverage, AI-driven content recommendation options, personalized content scheduling suggestions, predictive content viewing patterns analysis, and personalized content delivery options.",Initiated comprehensive signal check with detailed instructions,Pending,A1525
E261,31-10-2023 14:55,Field Agent,Device Setup Guidance,"Guided the setup of a customer's intricate smart home security system, involving multiple sensors, notifications, custom automation rules, remote monitoring features, integration with third-party security services, advanced AI-powered intrusion detection settings, predictive security threat alerts, and personalized security usage patterns analysis.",Confirmed detailed security system setup,Resolved,A1526
E262,31-10-2023 15:45,Engineer,Promotion Inquiry,"Conducted an extensive analysis of available premium music streaming services, comparing catalog sizes, audio quality, personalized playlists, collaborative playlists, advanced audio analytics, personalized music recommendations, in-depth artist insights, predictive music discovery suggestions, and personalized music listening behavior analysis.",Provided comprehensive music streaming service information,Resolved,A1527
E263,31-10-2023 16:30,Billing Department,Loyalty Program Inquiry,"Thoroughly explained the benefits of the diamond loyalty tier, highlighting exclusive rewards, priority support, annual loyalty bonuses, personalized content recommendations, advanced reward point redemption options, personalized customer retention strategies, AI-driven targeted promotions, predictive customer lifetime value analysis, and personalized loyalty engagement plans, along with personalized loyalty usage patterns analysis.",Shared comprehensive diamond loyalty benefits,Resolved,A1528
E264,31-10-2023 17:10,Call Centre Agent,Account Management,"Helped a customer update their payment method, offering a step-by-step guide to ensure seamless payment processing, security settings, advanced payment history analysis, tax documentation access, advanced budgeting tools, personalized financial planning recommendations, personalized investment portfolio suggestions, AI-driven investment risk assessments, and personalized investment portfolio optimization strategies, along with personalized financial usage patterns analysis.",Updated payment method with detailed instructions,Resolved,A1529
E265,31-10-2023 18:20,Chatbot Assistant,Service Complaint,"Recorded an in-depth complaint about slow internet speeds during peak hours, specifying specific time frames, channels, affected devices, and recommended troubleshooting steps, along with network diagnostics, home network optimization suggestions, personalized bandwidth allocation options, detailed network congestion analysis, advanced QoS configuration options, AI-driven predictive network maintenance recommendations, personalized content delivery options, personalized content recommendation algorithms, and predictive content consumption behavior analysis.",Initiated detailed speed test,Pending,A1530
E266,01-11-2023 09:30,Engineer,Device Setup Guidance,"Provided comprehensive guidance for setting up a customer's smart home automation system, including advanced voice control, third-party integrations, energy-saving routines, geolocation-based automation, multi-user profiles, advanced AI-powered personalization, predictive device health monitoring, and personalized device usage patterns analysis.",Confirmed detailed automation setup,Resolved,A1531
E267,01-11-2023 10:45,Field Agent,Promotion Inquiry,"Shared an extensive breakdown of bundled home phone packages, including international calling rates, call forwarding options, advanced voicemail features, international call bundles, seamless device integration with smart home systems, personalized smart home automation suggestions, AI-driven predictive home automation recommendations, personalized home phone usage patterns analysis, and personalized home phone usage behavior analysis.",Shared detailed bundle details,Resolved,A1532
E268,01-11-2023 11:15,Billing Department,Service Complaint,"Investigated complex billing discrepancies related to international calls, involving multiple billing cycles, detailed call logs, international rate changes, advanced fraud detection techniques, comprehensive audit trail access, AI-driven fraud prediction and prevention measures, personalized billing optimization suggestions, and personalized billing usage patterns analysis.",Adjusted complex international call charges,Resolved,A1533
E269,01-11-2023 12:25,Call Centre Agent,Account Management,"Assisted a customer in changing their email address, providing a detailed explanation of email settings, synchronization options, email client configurations, advanced email filtering, automated folder organization options, email archiving solutions, AI-driven email content classification recommendations, predictive email response analysis, personalized email usage patterns analysis, and personalized email behavior analysis.",Updated email address with detailed guidance,Resolved,A1534
E270,01-11-2023 13:40,Chatbot Assistant,Service Complaint,"Recorded an exhaustive complaint about intermittent TV signal loss, specifying specific time frames, channels, affected devices, and recommended troubleshooting steps, along with network diagnostics, advanced signal strength analysis, recommendations for optimizing Wi-Fi coverage, AI-driven content recommendation options, personalized content scheduling suggestions, predictive content viewing patterns analysis, and personalized content consumption behavior analysis.",Initiated comprehensive signal check with detailed instructions,Pending,A1535
E271,01-11-2023 14:55,Field Agent,Device Setup Guidance,"Guided the setup of a customer's intricate smart home lighting system, including customized lighting scenes, remote control options, voice-activated color themes, synchronization with music and movies, advanced energy-efficient lighting schedules, predictive lighting preferences analysis, and personalized lighting usage patterns analysis.",Confirmed detailed lighting system setup,Resolved,A1536
E272,01-11-2023 15:45,Engineer,Promotion Inquiry,"Conducted an extensive analysis of available premium music streaming services, comparing catalog sizes, audio quality, personalized playlists, collaborative playlists, advanced audio analytics, personalized music recommendations, in-depth artist insights, predictive music discovery suggestions, and personalized music listening behavior analysis.",Provided comprehensive music streaming service information,Resolved,A1537
E273,01-11-2023 16:30,Billing Department,Loyalty Program Inquiry,"Thoroughly explained the benefits of the diamond loyalty tier, highlighting exclusive rewards, priority support, annual loyalty bonuses, personalized content recommendations, advanced reward point redemption options, personalized customer retention strategies, AI-driven targeted promotions, predictive customer lifetime value analysis, and personalized loyalty engagement plans, along with personalized loyalty usage patterns analysis.",Shared comprehensive diamond loyalty benefits,Resolved,A1538
E274,01-11-2023 17:10,Call Centre Agent,Account Management,"Helped a customer update their payment method, offering a step-by-step guide to ensure seamless payment processing, security settings, advanced payment history analysis, tax documentation access, advanced budgeting tools, personalized financial planning recommendations, personalized investment portfolio suggestions, AI-driven investment risk assessments, personalized investment portfolio optimization strategies, and personalized financial usage patterns analysis.",Updated payment method with detailed instructions,Resolved,A1539
E275,01-11-2023 18:20,Chatbot Assistant,Service Complaint,"Recorded an in-depth complaint about slow internet speeds during peak hours, specifying specific time frames, channels, affected devices, and recommended troubleshooting steps, along with network diagnostics, home network optimization suggestions, personalized bandwidth allocation options, detailed network congestion analysis, advanced QoS configuration options, AI-driven predictive network maintenance recommendations, personalized content delivery options, personalized content recommendation algorithms, predictive content consumption behavior analysis, and personalized content engagement patterns analysis.",Initiated detailed speed test,Pending,A1540
E276,02-11-2023 09:30,Engineer,Device Setup Guidance,"Provided a comprehensive and highly technical guide for configuring a customer's IoT devices, including advanced security protocols, port forwarding, device optimization, troubleshooting tips for common issues, advanced device health monitoring options, AI-driven predictive device maintenance recommendations, personalized IoT device usage patterns analysis, and personalized IoT device behavior analysis.",Confirmed setup success,Resolved,A1541
E277,02-11-2023 10:45,Field Agent,Promotion Inquiry,"Delivered an in-depth breakdown of bundled home phone packages, including international calling rates, call forwarding options, advanced voicemail features, international call bundles, seamless device integration with smart home systems, personalized smart home automation suggestions, AI-driven predictive home automation recommendations, personalized home phone usage patterns analysis, and personalized home phone usage behavior analysis.",Shared detailed bundle details,Resolved,A1542
E278,02-11-2023 11:15,Billing Department,Service Complaint,"Conducted an extensive investigation into complex billing discrepancies related to international roaming charges, involving multiple billing cycles, detailed call logs, international rate changes, advanced fraud detection techniques, comprehensive audit trail access, AI-driven fraud prediction and prevention measures, personalized billing optimization suggestions, and personalized billing usage patterns analysis, along with personalized billing behavior analysis.",Adjusted complex billing discrepancies,Resolved,A1543
E279,02-11-2023 12:25,Call Centre Agent,Account Management,"Assisted a customer in changing their email address, providing a detailed explanation of email settings, synchronization options, email client configurations, advanced email filtering, automated folder organization options, email archiving solutions, AI-driven email content classification recommendations, predictive email response analysis, personalized email usage patterns analysis, and personalized email behavior analysis.",Updated email address with detailed guidance,Resolved,A1544
E280,02-11-2023 13:40,Chatbot Assistant,Service Complaint,"Recorded an exhaustive complaint about intermittent TV signal loss, specifying specific time frames, channels, affected devices, and recommended troubleshooting steps, along with network diagnostics, advanced signal strength analysis, recommendations for optimizing Wi-Fi coverage, AI-driven content recommendation options, personalized content scheduling suggestions, predictive content viewing patterns analysis, personalized content consumption behavior analysis, and personalized content engagement patterns analysis.",Initiated comprehensive signal check with detailed instructions,Pending,A1545
E281,02-11-2023 14:55,Field Agent,Device Setup Guidance,"Guided the setup of a customer's intricate smart home security system, involving multiple sensors, notifications, custom automation rules, remote monitoring features, integration with third-party security services, advanced AI-powered intrusion detection settings, predictive security threat alerts, personalized security usage patterns analysis, and personalized security behavior analysis.",Confirmed detailed security system setup,Resolved,A1546
E282,02-11-2023 15:45,Engineer,Promotion Inquiry,"Conducted an extensive analysis of available premium music streaming services, comparing catalog sizes, audio quality, personalized playlists, collaborative playlists, advanced audio analytics, personalized music recommendations, in-depth artist insights, predictive music discovery suggestions, personalized music listening behavior analysis, and personalized music engagement patterns analysis.",Provided comprehensive music streaming service information,Resolved,A1547
E283,02-11-2023 16:30,Billing Department,Loyalty Program Inquiry,"Thoroughly explained the benefits of the diamond loyalty tier, highlighting exclusive rewards, priority support, annual loyalty bonuses, personalized content recommendations, advanced reward point redemption options, personalized customer retention strategies, AI-driven targeted promotions, predictive customer lifetime value analysis, personalized loyalty engagement plans, and personalized loyalty usage patterns analysis, along with personalized loyalty behavior analysis.",Shared comprehensive diamond loyalty benefits,Resolved,A1548
E284,02-11-2023 17:10,Call Centre Agent,Account Management,"Helped a customer update their payment method, offering a step-by-step guide to ensure seamless payment processing, security settings, advanced payment history analysis, tax documentation access, advanced budgeting tools, personalized financial planning recommendations, personalized investment portfolio suggestions, AI-driven investment risk assessments, personalized investment portfolio optimization strategies, personalized financial usage patterns analysis, and personalized financial behavior analysis.",Updated payment method with detailed instructions,Resolved,A1549
E285,02-11-2023 18:20,Chatbot Assistant,Service Complaint,"Recorded an in-depth complaint about slow internet speeds during peak hours, specifying specific time frames, channels, affected devices, and recommended troubleshooting steps, along with network diagnostics, home network optimization suggestions, personalized bandwidth allocation options, detailed network congestion analysis, advanced QoS configuration options, AI-driven predictive network maintenance recommendations, personalized content delivery options, personalized content recommendation algorithms, predictive content consumption behavior analysis, personalized content engagement patterns analysis, and personalized content usage patterns analysis.",Initiated detailed speed test,Pending,A1550
E286,03-11-2023 09:30,Engineer,Device Setup Guidance,"Provided comprehensive guidance for setting up a customer's smart home automation system, including advanced voice control, third-party integrations, energy-saving routines, geolocation-based automation, multi-user profiles, advanced AI-powered personalization, predictive device health monitoring, personalized device usage patterns analysis, and personalized device behavior analysis.",Confirmed detailed automation setup,Resolved,A1551
E287,03-11-2023 10:45,Field Agent,Promotion Inquiry,"Shared an extensive breakdown of bundled home phone packages, including international calling rates, call forwarding options, advanced voicemail features, international call bundles, seamless device integration with smart home systems, personalized smart home automation suggestions, AI-driven predictive home automation recommendations, personalized home phone usage patterns analysis, personalized home phone usage behavior analysis, and personalized home phone engagement patterns analysis.",Shared detailed bundle details,Resolved,A1552
E288,03-11-2023 11:15,Billing Department,Service Complaint,"Investigated complex billing discrepancies related to international calls, involving multiple billing cycles, detailed call logs, international rate changes, advanced fraud detection techniques, comprehensive audit trail access, AI-driven fraud prediction and prevention measures, personalized billing optimization suggestions, personalized billing usage patterns analysis, and personalized billing behavior analysis.",Adjusted complex international call charges,Resolved,A1553
E289,03-11-2023 12:25,Call Centre Agent,Account Management,"Assisted a customer in changing their email address, providing a detailed explanation of email settings, synchronization options, email client configurations, advanced email filtering, automated folder organization options, email archiving solutions, AI-driven email content classification recommendations, predictive email response analysis, personalized email usage patterns analysis, personalized email behavior analysis, and personalized email engagement patterns analysis.",Updated email address with detailed guidance,Resolved,A1554
E290,03-11-2023 13:40,Chatbot Assistant,Service Complaint,"Recorded an exhaustive complaint about intermittent TV signal loss, specifying specific time frames, channels, affected devices, and recommended troubleshooting steps, along with network diagnostics, advanced signal strength analysis, recommendations for optimizing Wi-Fi coverage, AI-driven content recommendation options, personalized content scheduling suggestions, predictive content viewing patterns analysis, personalized content consumption behavior analysis, personalized content engagement patterns analysis, and personalized content usage patterns analysis.",Initiated comprehensive signal check with detailed instructions,Pending,A1555
E291,03-11-2023 14:55,Field Agent,Device Setup Guidance,"Guided the setup of a customer's intricate smart home lighting system, including customized lighting scenes, remote control options, voice-activated color themes, synchronization with music and movies, advanced energy-efficient lighting schedules, predictive lighting preferences analysis, personalized lighting usage patterns analysis, personalized lighting behavior analysis, and personalized lighting engagement patterns analysis.",Confirmed detailed lighting system setup,Resolved,A1556
E292,03-11-2023 15:45,Engineer,Promotion Inquiry,"Conducted an extensive analysis of available premium music streaming services, comparing catalog sizes, audio quality, personalized playlists, collaborative playlists, advanced audio analytics, personalized music recommendations, in-depth artist insights, predictive music discovery suggestions, personalized music listening behavior analysis, personalized music engagement patterns analysis, and personalized music usage patterns analysis.",Provided comprehensive music streaming service information,Resolved,A1557
E293,03-11-2023 16:30,Billing Department,Loyalty Program Inquiry,"Thoroughly explained the benefits of the diamond loyalty tier, highlighting exclusive rewards, priority support, annual loyalty bonuses, personalized content recommendations, advanced reward point redemption options, personalized customer retention strategies, AI-driven targeted promotions, predictive customer lifetime value analysis, personalized loyalty engagement plans, personalized loyalty usage patterns analysis, personalized loyalty behavior analysis, and personalized loyalty engagement patterns analysis.",Shared comprehensive diamond loyalty benefits,Resolved,A1558
E294,03-11-2023 17:10,Call Centre Agent,Account Management,"Helped a customer update their payment method, offering a step-by-step guide to ensure seamless payment processing, security settings, advanced payment history analysis, tax documentation access, advanced budgeting tools, personalized financial planning recommendations, personalized investment portfolio suggestions, AI-driven investment risk assessments, personalized investment portfolio optimization strategies, personalized financial usage patterns analysis, personalized financial behavior analysis, and personalized financial engagement patterns analysis.",Updated payment method with detailed instructions,Resolved,A1559
E295,03-11-2023 18:20,Chatbot Assistant,Service Complaint,"Recorded an in-depth complaint about slow internet speeds during peak hours, specifying specific time frames, channels, affected devices, and recommended troubleshooting steps, along with network diagnostics, home network optimization suggestions, personalized bandwidth allocation options, detailed network congestion analysis, advanced QoS configuration options, AI-driven predictive network maintenance recommendations, personalized content delivery options, personalized content recommendation algorithms, predictive content consumption behavior analysis, personalized content engagement patterns analysis, personalized content usage patterns analysis, and personalized content behavior analysis.",Initiated detailed speed test,Pending,A1560
E296,04-11-2023 09:30,Engineer,Device Setup Guidance,"Provided a comprehensive and highly technical guide for configuring a customer's IoT devices, including advanced security protocols, port forwarding, device optimization, troubleshooting tips for common issues, advanced device health monitoring options, AI-driven predictive device maintenance recommendations, personalized IoT device usage patterns analysis, personalized IoT device behavior analysis, and personalized IoT device engagement patterns analysis.",Confirmed setup success,Resolved,A1561
E297,04-11-2023 10:45,Field Agent,Promotion Inquiry,"Delivered an in-depth breakdown of bundled home phone packages, including international calling rates, call forwarding options, advanced voicemail features, international call bundles, seamless device integration with smart home systems, personalized smart home automation suggestions, AI-driven predictive home automation recommendations, personalized home phone usage patterns analysis, personalized home phone usage behavior analysis, personalized home phone engagement patterns analysis, and personalized home phone behavior analysis.",Shared detailed bundle details,Resolved,A1562
E298,04-11-2023 11:15,Billing Department,Service Complaint,"Conducted an extensive investigation into complex billing discrepancies related to international roaming charges, involving multiple billing cycles, detailed call logs, international rate changes, advanced fraud detection techniques, comprehensive audit trail access, AI-driven fraud prediction and prevention measures, personalized billing optimization suggestions, personalized billing usage patterns analysis, personalized billing behavior analysis, personalized billing engagement patterns analysis, and personalized billing behavior analysis.",Adjusted complex billing discrepancies,Resolved,A1563
E299,04-11-2023 12:25,Call Centre Agent,Account Management,"Assisted a customer in changing their email address, providing a detailed explanation of email settings, synchronization options, email client configurations, advanced email filtering, automated folder organization options, email archiving solutions, AI-driven email content classification recommendations, predictive email response analysis, personalized email usage patterns analysis, personalized email behavior analysis, personalized email engagement patterns analysis, and personalized email behavior analysis.",Updated email address with detailed guidance,Resolved,A1564
E300,04-11-2023 13:40,Chatbot Assistant,Service Complaint,"Recorded an exhaustive complaint about intermittent TV signal loss, specifying specific time frames, channels, affected devices, and recommended troubleshooting steps, along with network diagnostics, advanced signal strength analysis, recommendations for optimizing Wi-Fi coverage, AI-driven content recommendation options, personalized content scheduling suggestions, predictive content viewing patterns analysis, personalized content consumption behavior analysis, personalized content engagement patterns analysis, personalized content usage patterns analysis, and personalized content behavior analysis.",Initiated comprehensive signal check with detailed instructions,Pending,A1565
E301,04-11-2023 14:55,Field Agent,Device Setup Guidance,"Guided the setup of a customer's intricate smart home security system, involving multiple sensors, notifications, custom automation rules, remote monitoring features, integration with third-party security services, advanced AI-powered intrusion detection settings, predictive security threat alerts, personalized security usage patterns analysis, personalized security behavior analysis, personalized security engagement patterns analysis, and personalized security behavior analysis.",Confirmed detailed security system setup,Resolved,A1566
E302,04-11-2023 15:45,Engineer,Promotion Inquiry,"Conducted an extensive analysis of available premium music streaming services, comparing catalog sizes, audio quality, personalized playlists, collaborative playlists, advanced audio analytics, personalized music recommendations, in-depth artist insights, predictive music discovery suggestions, personalized music listening behavior analysis, personalized music engagement patterns analysis, personalized music usage patterns analysis, and personalized music behavior analysis.",Provided comprehensive music streaming service information,Resolved,A1567
E303,04-11-2023 16:30,Billing Department,Loyalty Program Inquiry,"Thoroughly explained the benefits of the diamond loyalty tier, highlighting exclusive rewards, priority support, annual loyalty bonuses, personalized content recommendations, advanced reward point redemption options, personalized customer retention strategies, AI-driven targeted promotions, predictive customer lifetime value analysis, personalized loyalty engagement plans, personalized loyalty usage patterns analysis, personalized loyalty behavior analysis, personalized loyalty engagement patterns analysis, and personalized loyalty behavior analysis.",Shared comprehensive diamond loyalty benefits,Resolved,A1568
E304,04-11-2023 17:10,Call Centre Agent,Account Management,"Helped a customer update their payment method, offering a step-by-step guide to ensure seamless payment processing, security settings, advanced payment history analysis, tax documentation access, advanced budgeting tools, personalized financial planning recommendations, personalized investment portfolio suggestions, AI-driven investment risk assessments, personalized investment portfolio optimization strategies, personalized financial usage patterns analysis, personalized financial behavior analysis, personalized financial engagement patterns analysis, and personalized financial behavior analysis.",Updated payment method with detailed instructions,Resolved,A1569
E305,04-11-2023 18:20,Chatbot Assistant,Service Complaint,"Recorded an in-depth complaint about slow internet speeds during peak hours, specifying specific time frames, channels, affected devices, and recommended troubleshooting steps, along with network diagnostics, home network optimization suggestions, personalized bandwidth allocation options, detailed network congestion analysis, advanced QoS configuration options, AI-driven predictive network maintenance recommendations, personalized content delivery options, personalized content recommendation algorithms, predictive content consumption behavior analysis, personalized content engagement patterns analysis, personalized content usage patterns analysis, personalized content behavior analysis, personalized content engagement patterns analysis, and personalized content behavior analysis.",Initiated detailed speed test,Pending,A1570
E306,05-11-2023 09:30,Engineer,Device Setup Guidance,"Provided comprehensive guidance for setting up a customer's smart home automation system, including advanced voice control, third-party integrations, energy-saving routines, geolocation-based automation, multi-user profiles, advanced AI-powered personalization, predictive device health monitoring, personalized device usage patterns analysis, personalized device behavior analysis, personalized device engagement patterns analysis, and personalized device behavior analysis.",Confirmed detailed automation setup,Resolved,A1571
E307,05-11-2023 10:45,Field Agent,Promotion Inquiry,"Shared an extensive breakdown of bundled home phone packages, including international calling rates, call forwarding options, advanced voicemail features, international call bundles, seamless device integration with smart home systems, personalized smart home automation suggestions, AI-driven predictive home automation recommendations, personalized home phone usage patterns analysis, personalized home phone usage behavior analysis, personalized home phone engagement patterns analysis, personalized home phone behavior analysis, and personalized home phone engagement patterns analysis.",Shared detailed bundle details,Resolved,A1572
E308,05-11-2023 11:15,Billing Department,Service Complaint,"Investigated complex billing discrepancies related to international calls, involving multiple billing cycles, detailed call logs, international rate changes, advanced fraud detection techniques, comprehensive audit trail access, AI-driven fraud prediction and prevention measures, personalized billing optimization suggestions, personalized billing usage patterns analysis, personalized billing behavior analysis, personalized billing engagement patterns analysis, personalized billing behavior analysis, and personalized billing engagement patterns analysis.",Adjusted complex international call charges,Resolved,A1573
E309,05-11-2023 12:25,Call Centre Agent,Account Management,"Assisted a customer in changing their email address, providing a detailed explanation of email settings, synchronization options, email client configurations, advanced email filtering, automated folder organization options, email archiving solutions, AI-driven email content classification recommendations, predictive email response analysis, personalized email usage patterns analysis, personalized email behavior analysis, personalized email engagement patterns analysis, personalized email behavior analysis, personalized email engagement patterns analysis, and personalized email behavior analysis, personalized email engagement patterns analysis, and personalized email behavior analysis.",Updated email address with detailed guidance,Resolved,A1574
E310,05-11-2023 13:40,Chatbot Assistant,Service Complaint,"Recorded an exhaustive complaint about intermittent TV signal loss, specifying specific time frames, channels, affected devices, and recommended troubleshooting steps, along with network diagnostics, advanced signal strength analysis, recommendations for optimizing Wi-Fi coverage, AI-driven content recommendation options, personalized content scheduling suggestions, predictive content viewing patterns analysis, personalized content consumption behavior analysis, personalized content engagement patterns analysis, personalized content usage patterns analysis, personalized content behavior analysis, personalized content engagement patterns analysis, personalized content behavior analysis, personalized content engagement patterns analysis, and personalized content behavior analysis.",Initiated comprehensive signal check with detailed instructions,Pending,A1575
E311,05-11-2023 14:55,Field Agent,Device Setup Guidance,"Guided the setup of a customer's intricate smart home lighting system, including customized lighting scenes, remote control options, voice-activated color themes, synchronization with music and movies, advanced energy-efficient lighting schedules, predictive lighting preferences analysis, personalized lighting usage patterns analysis, personalized lighting behavior analysis, personalized lighting engagement patterns analysis, personalized lighting behavior analysis, personalized lighting engagement patterns analysis, personalized lighting behavior analysis, personalized lighting engagement patterns analysis, and personalized lighting behavior analysis.",Confirmed detailed lighting system setup,Resolved,A1576
E312,05-11-2023 15:45,Engineer,Promotion Inquiry,"Conducted an extensive analysis of available premium music streaming services, comparing catalog sizes, audio quality, personalized playlists, collaborative playlists, advanced audio analytics, personalized music recommendations, in-depth artist insights, predictive music discovery suggestions, personalized music listening behavior analysis, personalized music engagement patterns analysis, personalized music usage patterns analysis, personalized music behavior analysis, personalized music engagement patterns analysis, personalized music behavior analysis, personalized music engagement patterns analysis, personalized music behavior analysis, personalized music engagement patterns analysis, and personalized music behavior analysis.",Provided comprehensive music streaming service information,Resolved,A1577
E313,05-11-2023 16:30,Billing Department,Loyalty Program Inquiry,"Thoroughly explained the benefits of the diamond loyalty tier, highlighting exclusive rewards, priority support, annual loyalty bonuses, personalized content recommendations, advanced reward point redemption options, personalized customer retention strategies, AI-driven targeted promotions, predictive customer lifetime value analysis, personalized loyalty engagement plans, personalized loyalty usage patterns analysis, personalized loyalty behavior analysis, personalized loyalty engagement patterns analysis, personalized loyalty behavior analysis, personalized loyalty engagement patterns analysis, personalized loyalty behavior analysis, personalized loyalty engagement patterns analysis, personalized loyalty behavior analysis.",Shared comprehensive diamond loyalty benefits,Resolved,A1578
E314,05-11-2023 17:10,Call Centre Agent,Account Management,"Helped a customer update their payment method, offering a step-by-step guide to ensure seamless payment processing, security settings, advanced payment history analysis, tax documentation access, advanced budgeting tools, personalized financial planning recommendations, personalized investment portfolio suggestions, AI-driven investment risk assessments, personalized investment portfolio optimization strategies, personalized financial usage patterns analysis, personalized financial behavior analysis, personalized financial engagement patterns analysis, personalized financial behavior analysis, personalized financial engagement patterns analysis, personalized financial behavior analysis, personalized financial engagement patterns analysis, personalized financial behavior analysis, and personalized financial engagement patterns analysis, and personalized financial behavior analysis.",Updated payment method with detailed instructions,Resolved,A1579
E315,05-11-2023 18:20,Chatbot Assistant,Service Complaint,"Recorded an in-depth complaint about slow internet speeds during peak hours, specifying specific time frames, channels, affected devices, and recommended troubleshooting steps, along with network diagnostics, home network optimization suggestions, personalized bandwidth allocation options, detailed network congestion analysis, advanced QoS configuration options, AI-driven predictive network maintenance recommendations, personalized content delivery options, personalized content recommendation algorithms, predictive content consumption behavior analysis, personalized content engagement patterns analysis, personalized content usage patterns analysis, personalized content behavior analysis, personalized content engagement patterns analysis, personalized content behavior analysis, personalized content engagement patterns analysis, personalized content behavior analysis, personalized content engagement patterns analysis, personalized content behavior analysis, personalized content engagement patterns analysis, personalized content behavior analysis.",Initiated detailed speed test,Pending,A1580
E316,06-11-2023 09:30,Engineer,Device Setup Guidance,Provided guidance for setting up a customer's smart home automation system. Confirmed setup success.,Confirmed detailed automation setup,Resolved,A1581
E317,06-11-2023 10:45,Field Agent,Promotion Inquiry,Explained bundled home phone packages to a customer. Shared detailed bundle details.,Provided information on home phone bundles,Resolved,A1582
E318,06-11-2023 11:15,Billing Department,Service Complaint,Investigated complex billing discrepancies related to international calls.,Adjusted international call charges,Resolved,A1583
E319,06-11-2023 12:25,Call Centre Agent,Account Management,Assisted a customer in changing their email address. Updated email address with detailed guidance.,Resolved email address change,Resolved,A1584
E320,06-11-2023 13:40,Chatbot Assistant,Service Complaint,Recorded a complaint about intermittent TV signal loss.,Pending investigation,Pending,A1585
E321,06-11-2023 14:55,Field Agent,Device Setup Guidance,Guided the setup of a customer's smart home lighting system.,Confirmed detailed lighting system setup,Resolved,A1586
E322,06-11-2023 15:45,Engineer,Promotion Inquiry,Conducted an analysis of available premium music streaming services.,Provided comprehensive music streaming service information,Resolved,A1587
E323,06-11-2023 16:30,Billing Department,Loyalty Program Inquiry,Explained the benefits of the diamond loyalty tier.,Shared comprehensive diamond loyalty benefits,Resolved,A1588
E324,06-11-2023 17:10,Call Centre Agent,Account Management,Helped a customer update their payment method. Updated payment method with detailed instructions.,Resolved payment method update,Resolved,A1589
E325,06-11-2023 18:20,Chatbot Assistant,Service Complaint,Recorded a complaint about slow internet speeds during peak hours.,Pending investigation,Pending,A1590
E326,07-11-2023 09:30,Engineer,Device Setup Guidance,Provided guidance for configuring a customer's IoT devices.,Confirmed setup success,Resolved,A1591
E327,07-11-2023 10:45,Field Agent,Promotion Inquiry,Explained bundled home phone packages to a customer.,Provided information on home phone bundles,Resolved,A1592
E328,07-11-2023 11:15,Billing Department,Service Complaint,Investigated complex billing discrepancies related to international roaming charges.,Adjusted billing discrepancies,Resolved,A1593
E329,07-11-2023 12:25,Call Centre Agent,Account Management,Assisted a customer in changing their email address.,Resolved email address change,Resolved,A1594
E330,07-11-2023 13:40,Chatbot Assistant,Service Complaint,Recorded a complaint about intermittent TV signal loss.,Pending investigation,Pending,A1595
E331,07-11-2023 14:55,Field Agent,Device Setup Guidance,Guided the setup of a customer's smart home security system.,Confirmed detailed security system setup,Resolved,A1596
E332,07-11-2023 15:45,Engineer,Promotion Inquiry,Conducted an analysis of available premium music streaming services.,Provided comprehensive music streaming service information,Resolved,A1597
E333,07-11-2023 16:30,Billing Department,Loyalty Program Inquiry,Explained the benefits of the diamond loyalty tier.,Shared comprehensive diamond loyalty benefits,Resolved,A1598
E334,07-11-2023 17:10,Call Centre Agent,Account Management,Helped a customer update their payment method.,Resolved payment method update,Resolved,A1599
E335,07-11-2023 18:20,Chatbot Assistant,Service Complaint,Recorded a complaint about slow internet speeds during peak hours.,Pending investigation,Pending,A1600
E336,08-11-2023 09:30,Engineer,Device Setup Guidance,Provided guidance for setting up a customer's IoT devices.,Confirmed setup success,Resolved,A1601
E337,08-11-2023 10:45,Field Agent,Promotion Inquiry,Explained bundled home phone packages to a customer.,Provided information on home phone bundles,Resolved,A1602
E338,08-11-2023 11:15,Billing Department,Service Complaint,Investigated complex billing discrepancies related to international calls.,Adjusted billing discrepancies,Resolved,A1603
E339,08-11-2023 12:25,Call Centre Agent,Account Management,Assisted a customer in changing their email address.,Resolved email address change,Resolved,A1604
E340,08-11-2023 13:40,Chatbot Assistant,Service Complaint,Recorded a complaint about intermittent TV signal loss.,Pending investigation,Pending,A1605
E341,08-11-2023 14:55,Field Agent,Device Setup Guidance,Guided the setup of a customer's smart home security system.,Confirmed detailed security system setup,Resolved,A1606
E342,08-11-2023 15:45,Engineer,Promotion Inquiry,Conducted an analysis of available premium music streaming services.,Provided comprehensive music streaming service information,Resolved,A1607
E343,08-11-2023 16:30,Billing Department,Loyalty Program Inquiry,Explained the benefits of the diamond loyalty tier.,Shared comprehensive diamond loyalty benefits,Resolved,A1608
E344,08-11-2023 17:10,Call Centre Agent,Account Management,Helped a customer update their payment method.,Resolved payment method update,Resolved,A1609
E345,08-11-2023 18:20,Chatbot Assistant,Service Complaint,Recorded a complaint about slow internet speeds during peak hours.,Pending investigation,Pending,A1610
E346,09-11-2023 09:30,Engineer,Device Setup Guidance,Provided guidance for setting up a customer's IoT devices.,Confirmed setup success,Resolved,A1611
E347,09-11-2023 10:45,Field Agent,Promotion Inquiry,Explained bundled home phone packages to a customer.,Provided information on home phone bundles,Resolved,A1612
E348,09-11-2023 11:15,Billing Department,Service Complaint,Investigated complex billing discrepancies related to international roaming charges.,Adjusted billing discrepancies,Resolved,A1613
E349,09-11-2023 12:25,Call Centre Agent,Account Management,Assisted a customer in changing their email address.,Resolved email address change,Resolved,A1614
E350,09-11-2023 13:40,Chatbot Assistant,Service Complaint,Recorded a complaint about intermittent TV signal loss.,Pending investigation,Pending,A1615
E351,09-11-2023 14:55,Field Agent,Device Setup Guidance,Guided the setup of a customer's smart home security system.,Confirmed detailed security system setup,Resolved,A1616
E352,09-11-2023 15:45,Engineer,Promotion Inquiry,Conducted an analysis of available premium music streaming services.,Provided comprehensive music streaming service information,Resolved,A1617
E353,09-11-2023 16:30,Billing Department,Loyalty Program Inquiry,Explained the benefits of the diamond loyalty tier.,Shared comprehensive diamond loyalty benefits,Resolved,A1618
E354,09-11-2023 17:10,Call Centre Agent,Account Management,Helped a customer update their payment method.,Resolved payment method update,Resolved,A1619
E355,09-11-2023 18:20,Chatbot Assistant,Service Complaint,Recorded a complaint about slow internet speeds during peak hours.,Pending investigation,Pending,A1620
E356,10-11-2023 09:30,Call Centre Agent,Technical Support,Customer reported slow Wi-Fi connection.,Troubleshooted connection,Resolved,A1621
E357,10-11-2023 10:45,Engineer,Service Disruption,Investigated an outage in a specific neighborhood.,Dispatched repair team,Pending,A1622
E358,10-11-2023 11:15,Call Centre Agent,Billing Inquiry,Customer questioned a recent bill increase.,Reviewed billing details,Resolved,A1623
E359,10-11-2023 12:25,Engineer,Equipment Issue,Replaced faulty modem at a customer's location.,Confirmed stable connection,Resolved,A1624
E360,10-11-2023 13:40,Chatbot Assistant,New Product Inquiry,Customer inquired about upcoming 5G internet plans.,Shared 5G plan details,Resolved,A1625
E361,10-11-2023 14:55,Field Agent,Device Installation,Installed a new router for improved connectivity.,Verified strong signal,Resolved,A1626
E362,10-11-2023 15:45,Engineer,Service Disruption,Investigated reports of slow internet in an apartment complex.,Identified network congestion,Pending,A1627
E363,10-11-2023 16:30,Billing Department,Billing Inquiry,Assisted a customer with a disputed charge on their bill.,Issued refund,Resolved,A1628
E364,10-11-2023 17:10,Call Centre Agent,New Service Activation,Guided a new customer through the setup of their TV service.,Confirmed successful setup,Resolved,A1629
E365,10-11-2023 18:20,Chatbot Assistant,Promotion Inquiry,Provided information on current discounts for bundle packages.,Shared bundle promotion,Resolved,A1630
E366,11-11-2023 09:30,Call Centre Agent,Technical Support,Customer unable to connect to the Wi-Fi network.,Troubleshooted connection,Resolved,A1631
E367,11-11-2023 10:45,Engineer,Service Disruption,Investigated signal loss in a residential area.,Identified cable damage,Pending,A1632
E368,11-11-2023 11:15,Call Centre Agent,Billing Inquiry,Customer needs a breakdown of their monthly charges.,Sent itemized bill,Resolved,A1633
E369,11-11-2023 12:25,Engineer,Equipment Upgrade,Upgraded a customer's router for faster speeds.,Confirmed improved service,Resolved,A1634
E370,11-11-2023 13:40,Chatbot Assistant,New Product Inquiry,Inquired about the availability of a smart home package.,Provided package details,Resolved,A1635
E371,11-11-2023 14:55,Field Agent,Device Installation,Installed a security camera system at a customer's property.,Tested camera functionality,Resolved,A1636
E372,11-11-2023 15:45,Engineer,Service Disruption,Investigated slow connection during peak hours in an area.,Working on optimization,Pending,A1637
E373,11-11-2023 16:30,Billing Department,Billing Inquiry,Assisted a customer with a disputed international call charge.,Investigated call records,Pending,A1638
E374,11-11-2023 17:10,Call Centre Agent,New Service Activation,Guided a customer through setting up their VoIP service.,Verified successful setup,Resolved,A1639
E375,11-11-2023 18:20,Chatbot Assistant,Promotion Inquiry,Provided information on the latest streaming service deals.,Shared streaming discounts,Resolved,A1640
E376,12-11-2023 09:30,Call Centre Agent,Technical Support,Customer having issues with email setup on their phone.,Guided through email setup,Resolved,A1641
E377,12-11-2023 10:45,Engineer,Service Disruption,Investigated a network outage affecting multiple customers.,Dispatched technical team,Pending,A1642
E378,12-11-2023 11:15,Call Centre Agent,Billing Inquiry,Customer disputes roaming charges on their bill.,Investigated call records,Pending,A1643
E379,12-11-2023 12:25,Engineer,Equipment Issue,Replaced a malfunctioning set-top box for a customer.,Confirmed improved service,Resolved,A1644
E380,12-11-2023 13:40,Chatbot Assistant,New Product Inquiry,Inquired about the availability of a 4K streaming device.,Provided device details,Resolved,A1645
E381,12-11-2023 14:55,Field Agent,Device Installation,Installed a new fiber optic cable for a business customer.,Conducted connection tests,Resolved,A1646
E382,12-11-2023 15:45,Engineer,Service Disruption,Investigated a sudden drop in upload speeds in a region.,Analyzing network data,Pending,A1647
E383,12-11-2023 16:30,Billing Department,Billing Inquiry,Assisted a customer with a double billing issue.,Issued refund,Resolved,A1648
E384,12-11-2023 17:10,Call Centre Agent,Account Management,Helped a customer update their contact information.,Confirmed updated details,Resolved,A1649
E385,12-11-2023 18:20,Chatbot Assistant,Service Complaint,Recorded a complaint about intermittent phone service.,Pending investigation,Pending,A1650
E386,13-11-2023 09:30,Call Centre Agent,Technical Support,Customer reported loss of TV channels.,Troubleshooted channel loss,Resolved,A1651
E387,13-11-2023 10:45,Engineer,Service Disruption,Investigated a fiber optic cable cut affecting connectivity.,Scheduled repair,Pending,A1652
E388,13-11-2023 11:15,Call Centre Agent,Billing Inquiry,Customer inquired about international calling rates.,Provided rate details,Resolved,A1653
E389,13-11-2023 12:25,Engineer,Equipment Upgrade,Upgraded a customer's satellite dish for better reception.,Confirmed improved signal,Resolved,A1654
E390,13-11-2023 13:40,Chatbot Assistant,New Product Inquiry,Inquired about the availability of a smart home thermostat.,Provided thermostat details,Resolved,A1655
E391,13-11-2023 14:55,Field Agent,Device Installation,Installed a security system with motion detectors.,Tested motion sensor,Resolved,A1656
E392,13-11-2023 15:45,Engineer,Service Disruption,Investigated reports of slow internet speeds in a neighborhood.,Identified network congestion,Pending,A1657
E393,13-11-2023 16:30,Billing Department,Billing Inquiry,Assisted a customer with a billing discrepancy.,Adjusted billing error,Resolved,A1658
E394,13-11-2023 17:10,Call Centre Agent,New Service Activation,Guided a customer through setting up their home phone service.,Confirmed successful setup,Resolved,A1659
E395,13-11-2023 18:20,Chatbot Assistant,Promotion Inquiry,Provided information on limited-time internet discounts.,Shared internet offers,Resolved,A1660
E396,14-11-2023 09:30,Call Centre Agent,Technical Support,Customer experiencing frequent internet disconnections.,Diagnosed connection issues,Pending,A1661
E397,14-11-2023 10:45,Engineer,Service Disruption,Investigated a network outage affecting business customers.,Dispatched technical team,Pending,A1662
E398,14-11-2023 11:15,Call Centre Agent,Billing Inquiry,Customer disputed a premium channel subscription charge.,Checked subscription status,Resolved,A1663
E399,14-11-2023 12:25,Engineer,Equipment Issue,Replaced a malfunctioning router at a customer's location.,Verified stable connection,Resolved,A1664
E400,14-11-2023 13:40,Chatbot Assistant,New Product Inquiry,Inquired about options for home automation systems.,Shared home automation details,Resolved,A1665
E401,14-11-2023 14:55,Field Agent,Device Installation,Installed a new satellite dish for enhanced TV reception.,Confirmed improved signal,Resolved,A1666
E402,14-11-2023 15:45,Engineer,Service Disruption,Investigated a reported drop in download speeds in an area.,Analyzing network data,Pending,A1667
E403,14-11-2023 16:30,Billing Department,Billing Inquiry,Assisted a customer with an overcharge on their bill.,Issued refund,Resolved,A1668
E404,14-11-2023 17:10,Call Centre Agent,Account Management,Helped a customer update their email address for billing.,Confirmed updated details,Resolved,A1669
E405,14-11-2023 18:20,Chatbot Assistant,Service Complaint,Recorded a complaint about intermittent phone service.,Pending investigation,Pending,A1670
E406,15-11-2023 09:30,Call Centre Agent,Technical Support,Customer reported issues with their TV remote control.,Provided remote troubleshooting,Resolved,A1671
E407,15-11-2023 10:45,Engineer,Service Disruption,Investigated a sudden drop in internet speed in an area.,Identified network congestion,Pending,A1672
E408,15-11-2023 11:15,Call Centre Agent,Billing Inquiry,Customer requested details of their past six months' bills.,Sent historical billing info,Resolved,A1673
E409,15-11-2023 12:25,Engineer,Equipment Upgrade,Upgraded a customer's modem for faster data rates.,Confirmed improved speed,Resolved,A1674
E410,15-11-2023 13:40,Chatbot Assistant,New Product Inquiry,Inquired about available home security camera options.,Shared security camera details,Resolved,A1675
E411,15-11-2023 14:55,Field Agent,Device Installation,Installed a new landline phone system at a business site.,Tested phone system,Resolved,A1676
E412,15-11-2023 15:45,Engineer,Service Disruption,Investigated reports of signal interference in a neighborhood.,Resolving signal interference,Pending,A1677
E413,15-11-2023 16:30,Billing Department,Billing Inquiry,Assisted a customer with a dispute regarding data usage charges.,Investigated usage records,Pending,A1678
E414,15-11-2023 17:10,Call Centre Agent,New Service Activation,Guided a customer through setting up their video streaming.,Confirmed successful setup,Resolved,A1679
E415,15-11-2023 18:20,Chatbot Assistant,Promotion Inquiry,Provided information on exclusive sports channel packages.,Shared sports package details,Resolved,A1680
E416,16-11-2023 09:30,Call Centre Agent,Technical Support,Customer reported a sudden drop in internet connection.,Troubleshooted connection,Resolved,A1681
E417,16-11-2023 10:45,Engineer,Service Disruption,Investigated reports of network congestion during peak hours.,Implementing network optimizations,Pending,A1682
E418,16-11-2023 11:15,Call Centre Agent,Billing Inquiry,Customer needed clarification on an international call charge.,Checked call records,Resolved,A1683
E419,16-11-2023 12:25,Engineer,Equipment Issue,Replaced a malfunctioning cable modem for a business client.,Verified stable connection,Resolved,A1684
E420,16-11-2023 13:40,Chatbot Assistant,New Product Inquiry,Inquired about the availability of a home automation hub.,Provided home automation details,Resolved,A1685
E421,16-11-2023 14:55,Field Agent,Device Installation,Installed a new satellite dish for better TV reception.,Confirmed improved signal,Resolved,A1686
E422,16-11-2023 15:45,Engineer,Service Disruption,Investigated a reported signal dropout in a residential area.,Working on signal restoration,Pending,A1687
E423,16-11-2023 16:30,Billing Department,Billing Inquiry,Assisted a customer with a billing dispute related to overcharges.,Adjusted billing errors,Resolved,A1688
E424,16-11-2023 17:10,Call Centre Agent,Account Management,Helped a customer update their credit card information.,Confirmed updated payment info,Resolved,A1689
E425,16-11-2023 18:20,Chatbot Assistant,Service Complaint,Recorded a complaint about intermittent phone line issues.,Pending investigation,Pending,A1690
E426,17-11-2023 09:30,Call Centre Agent,Technical Support,Customer experiencing issues with their set-top box.,Troubleshooted set-top box,Resolved,A1691
E427,17-11-2023 10:45,Engineer,Service Disruption,Investigated a service outage affecting a business area.,Dispatched technical team,Pending,A1692
E428,17-11-2023 11:15,Call Centre Agent,Billing Inquiry,Customer requested an itemized bill for the past month.,Sent itemized bill,Resolved,A1693
E429,17-11-2023 12:25,Engineer,Equipment Upgrade,Upgraded a customer's Wi-Fi router for improved coverage.,Confirmed extended coverage,Resolved,A1694
E430,17-11-2023 13:40,Chatbot Assistant,New Product Inquiry,Inquired about the availability of a home security camera.,Provided camera details,Resolved,A1695
E431,18-11-2023 09:30,Call Centre Agent,Technical Support,Customer reported poor video quality on their TV.,Diagnosed video quality issue,Pending,A1696
E432,18-11-2023 10:45,Engineer,Service Disruption,Investigated a service outage affecting an entire neighborhood.,Working on resolution,Pending,A1697
E433,18-11-2023 11:15,Call Centre Agent,Billing Inquiry,Customer needed details of international calling rates.,Provided international call rates,Resolved,A1698
E434,18-11-2023 12:25,Engineer,Equipment Issue,Replaced a malfunctioning modem for a business customer.,Verified stable connection,Resolved,A1699
E435,18-11-2023 13:40,Chatbot Assistant,New Product Inquiry,Inquired about the availability of a home automation system.,Provided home automation system details,Resolved,A1700
E436,18-11-2023 14:55,Field Agent,Device Installation,Installed a new security camera system at a customer's home.,Tested security camera system,Resolved,A1701
E437,18-11-2023 15:45,Engineer,Service Disruption,Investigated reports of intermittent internet connectivity.,Resolving connectivity issue,Pending,A1702
E438,18-11-2023 16:30,Billing Department,Billing Inquiry,Assisted a customer with a billing dispute related to data charges.,Investigated data usage records,Pending,A1703
E439,18-11-2023 17:10,Call Centre Agent,New Service Activation,Guided a customer through setting up their streaming device.,Confirmed successful setup,Resolved,A1704
E440,18-11-2023 18:20,Chatbot Assistant,Promotion Inquiry,Provided information on bundled TV and internet packages.,Shared bundle details,Resolved,A1705
E441,19-11-2023 09:30,Call Centre Agent,Technical Support,Customer reported issues with their phone line.,Troubleshooted phone line,Resolved,A1706
E442,19-11-2023 10:45,Engineer,Service Disruption,Investigated reports of slow download speeds in an area.,Implementing network optimizations,Pending,A1707
E443,19-11-2023 11:15,Call Centre Agent,Billing Inquiry,Customer requested a summary of their past year's bills.,Sent annual billing summary,Resolved,A1708
E444,19-11-2023 12:25,Engineer,Equipment Upgrade,Upgraded a customer's router for improved Wi-Fi performance.,Confirmed extended Wi-Fi range,Resolved,A1709
E445,19-11-2023 13:40,Chatbot Assistant,New Product Inquiry,Inquired about the availability of a home energy management system.,Provided energy management system details,Resolved,A1710
E446,19-11-2023 14:55,Field Agent,Device Installation,Installed a new satellite dish for better TV signal quality.,Confirmed improved signal,Resolved,A1711
E447,19-11-2023 15:45,Engineer,Service Disruption,Investigated reports of signal interference on a customer's line.,Resolving signal interference,Pending,A1712
E448,19-11-2023 16:30,Billing Department,Billing Inquiry,Assisted a customer with a billing dispute related to premium channel charges.,Adjusted billing errors,Resolved,A1713
E449,19-11-2023 17:10,Call Centre Agent,Account Management,Helped a customer update their contact information.,Confirmed updated contact info,Resolved,A1714
E450,19-11-2023 18:20,Chatbot Assistant,Service Complaint,Recorded a complaint about sporadic internet outages.,Pending investigation,Pending,A1715
E451,20-11-2023 09:30,Call Centre Agent,Technical Support,Customer reported difficulties with their email setup.,Assisted with email setup,Resolved,A1716
E452,20-11-2023 10:45,Engineer,Service Disruption,Investigated a network congestion issue during peak hours.,Implementing network optimizations,Pending,A1717
E453,20-11-2023 11:15,Call Centre Agent,Billing Inquiry,Customer needed details of their international call history.,Provided international call history,Resolved,A1718
E454,20-11-2023 12:25,Engineer,Equipment Issue,Replaced a malfunctioning modem for a residential customer.,Verified stable connection,Resolved,A1719
E455,20-11-2023 13:40,Chatbot Assistant,New Product Inquiry,Inquired about the availability of a home security system.,Provided security system details,Resolved,A1720
E456,21-11-2023 09:30,Call Centre Agent,Technical Support,Customer reported a sudden phone line disruption.,Troubleshooted phone line,Resolved,A1721
E457,21-11-2023 10:45,Engineer,Service Disruption,Investigated reports of high latency affecting online gaming.,Optimizing network latency,Pending,A1722
E458,21-11-2023 11:15,Call Centre Agent,Billing Inquiry,Customer requested a breakdown of their TV channel charges.,Sent channel charge breakdown,Resolved,A1723
E459,21-11-2023 12:25,Engineer,Equipment Upgrade,Upgraded a customer's home security camera system.,Confirmed improved security,Resolved,A1724
E460,21-11-2023 13:40,Chatbot Assistant,New Product Inquiry,Inquired about the availability of a home energy-efficient lighting system.,Provided lighting system details,Resolved,A1725
E461,21-11-2023 14:55,Field Agent,Device Installation,Installed a new fiber-optic modem for faster internet speeds.,Confirmed improved internet,Resolved,A1726
E462,21-11-2023 15:45,Engineer,Service Disruption,Investigated reports of intermittent cable TV signal loss.,Resolving signal loss,Pending,A1727
E463,21-11-2023 16:30,Billing Department,Billing Inquiry,Assisted a customer with a billing dispute related to premium movie channel charges.,Adjusted billing errors,Resolved,A1728
E464,21-11-2023 17:10,Call Centre Agent,Account Management,Helped a customer update their billing address.,Confirmed updated address,Resolved,A1729
E465,21-11-2023 18:20,Chatbot Assistant,Service Complaint,Recorded a complaint about frequent internet disconnections.,Pending investigation,Pending,A1730
E466,22-11-2023 09:30,Call Centre Agent,Technical Support,Customer reported issues with their smart home thermostat.,Provided thermostat troubleshooting,Resolved,A1731
E467,22-11-2023 10:45,Engineer,Service Disruption,Investigated reports of a cable line outage in a neighborhood.,Working on cable line restoration,Pending,A1732
E468,22-11-2023 11:15,Call Centre Agent,Billing Inquiry,Customer needed details of their data usage over the past month.,Sent data usage details,Resolved,A1733
E469,22-11-2023 12:25,Engineer,Equipment Issue,Replaced a malfunctioning satellite receiver for a customer.,Verified stable TV signal,Resolved,A1734
E470,22-11-2023 13:40,Chatbot Assistant,New Product Inquiry,Inquired about the availability of a home entertainment system.,Provided entertainment system details,Resolved,A1735
E471,22-11-2023 14:55,Field Agent,Device Installation,Installed a new Wi-Fi extender for improved coverage.,Confirmed extended Wi-Fi range,Resolved,A1736
E472,22-11-2023 15:45,Engineer,Service Disruption,Investigated reports of slow upload speeds in an area.,Optimizing upload speeds,Pending,A1737
E473,22-11-2023 16:30,Billing Department,Billing Inquiry,Assisted a customer with a billing dispute related to on-demand movie rentals.,Adjusted billing errors,Resolved,A1738
E474,22-11-2023 17:10,Call Centre Agent,Account Management,Helped a customer update their contact phone number.,Confirmed updated phone number,Resolved,A1739
E475,22-11-2023 18:20,Chatbot Assistant,Service Complaint,Recorded a complaint about frequent TV channel freezing.,Pending investigation,Pending,A1740
E476,23-11-2023 09:30,Call Centre Agent,Technical Support,Customer reported issues with their home security cameras.,Assisted with camera troubleshooting,Resolved,A1741
E477,23-11-2023 10:45,Engineer,Service Disruption,Investigated reports of signal interference affecting phone lines.,Resolving signal interference,Pending,A1742
E478,23-11-2023 11:15,Call Centre Agent,Billing Inquiry,Customer needed details of their international call history.,Sent international call history,Resolved,A1743
E479,23-11-2023 12:25,Engineer,Equipment Upgrade,Upgraded a customer's router for improved streaming quality.,Confirmed improved streaming,Resolved,A1744
E480,23-11-2023 13:40,Chatbot Assistant,New Product Inquiry,Inquired about the availability of a home climate control system.,Provided climate control system details,Resolved,A1745
E481,24-11-2023 09:30,Call Centre Agent,Technical Support,Customer reported issues with their landline phone.,Troubleshooted landline,Resolved,A1746
E482,24-11-2023 10:45,Engineer,Service Disruption,Investigated reports of a network outage affecting multiple customers.,Working on network restoration,Pending,A1747
E483,24-11-2023 11:15,Call Centre Agent,Billing Inquiry,Customer needed details of their TV package subscription.,Sent TV package details,Resolved,A1748
E484,24-11-2023 12:25,Engineer,Equipment Issue,Replaced a faulty cable box for a customer with TV issues.,Verified stable TV signal,Resolved,A1749
E485,24-11-2023 13:40,Chatbot Assistant,New Product Inquiry,Inquired about the availability of a home automation system.,Provided home automation system details,Resolved,A1750
E486,24-11-2023 14:55,Field Agent,Device Installation,Installed a new security camera system at a customer's property.,Confirmed improved security,Resolved,A1751
E487,24-11-2023 15:45,Engineer,Service Disruption,Investigated reports of intermittent internet connectivity.,Resolving connectivity issue,Pending,A1752
E488,24-11-2023 16:30,Billing Department,Billing Inquiry,Assisted a customer with a billing dispute related to premium channel charges.,Adjusted billing errors,Resolved,A1753
E489,24-11-2023 17:10,Call Centre Agent,Account Management,Helped a customer update their contact information.,Confirmed updated contact info,Resolved,A1754
E490,24-11-2023 18:20,Chatbot Assistant,Service Complaint,Recorded a complaint about sporadic internet outages.,Pending investigation,Pending,A1755
E491,25-11-2023 09:30,Call Centre Agent,Technical Support,Customer reported difficulties with their email setup.,Assisted with email setup,Resolved,A1756
E492,25-11-2023 10:45,Engineer,Service Disruption,Investigated reports of slow download speeds in an area.,Optimizing download speeds,Pending,A1757
E493,25-11-2023 11:15,Call Centre Agent,Billing Inquiry,Customer needed details of their billing history for tax purposes.,Sent billing history details,Resolved,A1758
E494,25-11-2023 12:25,Engineer,Equipment Issue,Replaced a malfunctioning modem for a customer with connectivity issues.,Verified stable connection,Resolved,A1759
E495,25-11-2023 13:40,Chatbot Assistant,New Product Inquiry,Inquired about the availability of a home security system.,Provided security system details,Resolved,A1760
E496,25-11-2023 14:55,Field Agent,Device Installation,Installed a new satellite dish for better TV signal quality.,Confirmed improved signal,Resolved,A1761
E497,25-11-2023 15:45,Engineer,Service Disruption,Investigated reports of signal interference on a customer's line.,Resolving signal interference,Pending,A1762
E498,25-11-2023 16:30,Billing Department,Billing Inquiry,Assisted a customer with a billing dispute related to on-demand movie rentals.,Adjusted billing errors,Resolved,A1763
E499,25-11-2023 17:10,Call Centre Agent,Account Management,Helped a customer update their contact email address.,Confirmed updated email address,Resolved,A1764
E500,25-11-2023 18:20,Chatbot Assistant,Service Complaint,Recorded a complaint about frequent TV channel freezing.,Pending investigation,Pending,A1765
E501,26-11-2023 09:30,Call Centre Agent,Technical Support,Customer reported issues with their landline phone.,Troubleshooted landline,Resolved,A1766
E502,26-11-2023 10:45,Engineer,Service Disruption,Investigated reports of a network outage affecting multiple customers.,Working on network restoration,Pending,A1767
E503,26-11-2023 11:15,Call Centre Agent,Billing Inquiry,Customer needed details of their TV package subscription.,Sent TV package details,Resolved,A1768
E504,26-11-2023 12:25,Engineer,Equipment Issue,Replaced a faulty cable box for a customer with TV issues.,Verified stable TV signal,Resolved,A1769
E505,26-11-2023 13:40,Chatbot Assistant,New Product Inquiry,Inquired about the availability of a home automation system.,Provided home automation system details,Resolved,A1770
E506,27-11-2023 09:30,Call Centre Agent,Technical Support,Customer reported issues with their Wi-Fi connectivity.,Assisted with Wi-Fi troubleshooting,Resolved,A1771
E507,27-11-2023 10:45,Engineer,Service Disruption,Investigated reports of slow internet speeds in a neighborhood.,Optimizing network speeds,Pending,A1772
E508,27-11-2023 11:15,Call Centre Agent,Billing Inquiry,Customer needed details of their billing history for tax purposes.,Sent billing history details,Resolved,A1773
E509,27-11-2023 12:25,Engineer,Equipment Issue,Replaced a malfunctioning modem for a customer with connectivity issues.,Verified stable connection,Resolved,A1774
E510,27-11-2023 13:40,Chatbot Assistant,New Product Inquiry,Inquired about the availability of a home security system.,Provided security system details,Resolved,A1775
E511,27-11-2023 14:55,Field Agent,Device Installation,Installed a new satellite dish for better TV signal quality.,Confirmed improved signal,Resolved,A1776
E512,27-11-2023 15:45,Engineer,Service Disruption,Investigated reports of signal interference on a customer's line.,Resolving signal interference,Pending,A1777
E513,27-11-2023 16:30,Billing Department,Billing Inquiry,Assisted a customer with a billing dispute related to on-demand movie rentals.,Adjusted billing errors,Resolved,A1778
E514,27-11-2023 17:10,Call Centre Agent,Account Management,Helped a customer update their contact email address.,Confirmed updated email address,Resolved,A1779
E515,27-11-2023 18:20,Chatbot Assistant,Service Complaint,Recorded a complaint about frequent TV channel freezing.,Pending investigation,Pending,A1780
E516,28-11-2023 09:30,Call Centre Agent,Technical Support,Customer reported issues with their landline phone.,Troubleshooted landline,Resolved,A1781
E517,28-11-2023 10:45,Engineer,Service Disruption,Investigated reports of a network outage affecting multiple customers.,Working on network restoration,Pending,A1782
E518,28-11-2023 11:15,Call Centre Agent,Billing Inquiry,Customer needed details of their TV package subscription.,Sent TV package details,Resolved,A1783
E519,28-11-2023 12:25,Engineer,Equipment Issue,Replaced a faulty cable box for a customer with TV issues.,Verified stable TV signal,Resolved,A1784
E520,28-11-2023 13:40,Chatbot Assistant,New Product Inquiry,Inquired about the availability of a home automation system.,Provided home automation system details,Resolved,A1785
E521,28-11-2023 14:55,Field Agent,Device Installation,Installed a new security camera system at a customer's property.,Confirmed improved security,Resolved,A1786
E522,28-11-2023 15:45,Engineer,Service Disruption,Investigated reports of intermittent internet connectivity.,Resolving connectivity issue,Pending,A1787
E523,28-11-2023 16:30,Billing Department,Billing Inquiry,Assisted a customer with a billing dispute related to premium channel charges.,Adjusted billing errors,Resolved,A1788
E524,28-11-2023 17:10,Call Centre Agent,Account Management,Helped a customer update their contact information.,Confirmed updated contact info,Resolved,A1789
E525,28-11-2023 18:20,Chatbot Assistant,Service Complaint,Recorded a complaint about sporadic internet outages.,Pending investigation,Pending,A1790
E526,29-11-2023 09:30,Call Centre Agent,Technical Support,Customer reported difficulties with their email setup.,Assisted with email setup,Resolved,A1791
E527,29-11-2023 10:45,Engineer,Service Disruption,Investigated reports of slow download speeds in an area.,Optimizing download speeds,Pending,A1792
E528,29-11-2023 11:15,Call Centre Agent,Billing Inquiry,Customer needed details of their billing history for tax purposes.,Sent billing history details,Resolved,A1793
E529,29-11-2023 12:25,Engineer,Equipment Issue,Replaced a malfunctioning modem for a customer with connectivity issues.,Verified stable connection,Resolved,A1794
E530,29-11-2023 13:40,Chatbot Assistant,New Product Inquiry,Inquired about the availability of a home security system.,Provided security system details,Resolved,A1795
E531,30-11-2023 09:30,Call Centre Agent,Technical Support,Customer reported issues with their Wi-Fi connectivity.,Assisted with Wi-Fi troubleshooting,Resolved,A1796
E532,30-11-2023 10:45,Engineer,Service Disruption,Investigated reports of slow internet speeds in a neighborhood.,Optimizing network speeds,Pending,A1797
E533,30-11-2023 11:15,Call Centre Agent,Billing Inquiry,Customer needed details of their billing history for tax purposes.,Sent billing history details,Resolved,A1798
E534,30-11-2023 12:25,Engineer,Equipment Issue,Replaced a malfunctioning modem for a customer with connectivity issues.,Verified stable connection,Resolved,A1799
E535,30-11-2023 13:40,Chatbot Assistant,New Product Inquiry,Inquired about the availability of a home security system.,Provided security system details,Resolved,A1800
E536,30-11-2023 14:55,Field Agent,Device Installation,Installed a new satellite dish for better TV signal quality.,Confirmed improved signal,Resolved,A1801
E537,30-11-2023 15:45,Engineer,Service Disruption,Investigated reports of signal interference on a customer's line.,Resolving signal interference,Pending,A1802
E538,30-11-2023 16:30,Billing Department,Billing Inquiry,Assisted a customer with a billing dispute related to on-demand movie rentals.,Adjusted billing errors,Resolved,A1803
E539,30-11-2023 17:10,Call Centre Agent,Account Management,Helped a customer update their contact email address.,Confirmed updated email address,Resolved,A1804
E540,30-11-2023 18:20,Chatbot Assistant,Service Complaint,Recorded a complaint about sporadic internet outages.,Pending investigation,Pending,A1805
E541,01-12-2023 09:30,Call Centre Agent,Technical Support,Customer reported difficulties with their email setup.,Assisted with email setup,Resolved,A1806
E542,01-12-2023 10:45,Engineer,Service Disruption,Investigated reports of slow download speeds in an area.,Optimizing download speeds,Pending,A1807
E543,01-12-2023 11:15,Call Centre Agent,Billing Inquiry,Customer needed details of their billing history for tax purposes.,Sent billing history details,Resolved,A1808
E544,01-12-2023 12:25,Engineer,Equipment Issue,Replaced a malfunctioning modem for a customer with connectivity issues.,Verified stable connection,Resolved,A1809
E545,01-12-2023 13:40,Chatbot Assistant,New Product Inquiry,Inquired about the availability of a home security system.,Provided security system details,Resolved,A1810
E546,01-12-2023 14:55,Field Agent,Device Installation,Installed a new security camera system at a customer's property.,Confirmed improved security,Resolved,A1811
E547,01-12-2023 15:45,Engineer,Service Disruption,Investigated reports of intermittent internet connectivity.,Resolving connectivity issue,Pending,A1812
E548,01-12-2023 16:30,Billing Department,Billing Inquiry,Assisted a customer with a billing dispute related to premium channel charges.,Adjusted billing errors,Resolved,A1813
E549,01-12-2023 17:10,Call Centre Agent,Account Management,Helped a customer update their contact information.,Confirmed updated contact info,Resolved,A1814
E550,01-12-2023 18:20,Chatbot Assistant,Service Complaint,Recorded a complaint about frequent TV channel freezing.,Pending investigation,Pending,A1815
E551,02-12-2023 09:30,Call Centre Agent,Technical Support,Customer reported issues with their Wi-Fi connectivity.,Assisted with Wi-Fi troubleshooting,Resolved,A1816
E552,02-12-2023 10:45,Engineer,Service Disruption,Investigated reports of slow internet speeds in a neighborhood.,Optimizing network speeds,Pending,A1817
E553,02-12-2023 11:15,Call Centre Agent,Billing Inquiry,Customer needed details of their billing history for tax purposes.,Sent billing history details,Resolved,A1818
E554,02-12-2023 12:25,Engineer,Equipment Issue,Replaced a malfunctioning modem for a customer with connectivity issues.,Verified stable connection,Resolved,A1819
E555,02-12-2023 13:40,Chatbot Assistant,New Product Inquiry,Inquired about the availability of a home security system.,Provided security system details,Resolved,A1820
E556,02-12-2023 14:55,Field Agent,Device Installation,Installed a new satellite dish for better TV signal quality.,Confirmed improved signal,Resolved,A1821
E557,02-12-2023 15:45,Engineer,Service Disruption,Investigated reports of signal interference on a customer's line.,Resolving signal interference,Pending,A1822
E558,02-12-2023 16:30,Billing Department,Billing Inquiry,Assisted a customer with a billing dispute related to on-demand movie rentals.,Adjusted billing errors,Resolved,A1823
E559,02-12-2023 17:10,Call Centre Agent,Account Management,Helped a customer update their contact email address.,Confirmed updated email address,Resolved,A1824
E560,02-12-2023 18:20,Chatbot Assistant,Service Complaint,Recorded a complaint about sporadic internet outages.,Pending investigation,Pending,A1825
E561,03-12-2023 09:30,Call Centre Agent,Technical Support,Customer reported issues with their Wi-Fi connectivity.,Assisted with Wi-Fi troubleshooting,Resolved,A1826
E562,03-12-2023 10:45,Engineer,Service Disruption,Investigated reports of slow internet speeds in a neighborhood.,Optimizing network speeds,Pending,A1827
E563,03-12-2023 11:15,Call Centre Agent,Billing Inquiry,Customer needed details of their billing history for tax purposes.,Sent billing history details,Resolved,A1828
E564,03-12-2023 12:25,Engineer,Equipment Issue,Replaced a malfunctioning modem for a customer with connectivity issues.,Verified stable connection,Resolved,A1829
E565,03-12-2023 13:40,Chatbot Assistant,New Product Inquiry,Inquired about the availability of a home security system.,Provided security system details,Resolved,A1830
E566,03-12-2023 14:55,Field Agent,Device Installation,Installed a new satellite dish for better TV signal quality.,Confirmed improved signal,Resolved,A1831
E567,03-12-2023 15:45,Engineer,Service Disruption,Investigated reports of signal interference on a customer's line.,Resolving signal interference,Pending,A1832
E568,03-12-2023 16:30,Billing Department,Billing Inquiry,Assisted a customer with a billing dispute related to on-demand movie rentals.,Adjusted billing errors,Resolved,A1833
E569,03-12-2023 17:10,Call Centre Agent,Account Management,Helped a customer update their contact email address.,Confirmed updated email address,Resolved,A1834
E570,03-12-2023 18:20,Chatbot Assistant,Service Complaint,Recorded a complaint about sporadic internet outages.,Pending investigation,Pending,A1835
E571,04-12-2023 09:30,Call Centre Agent,Technical Support,Customer reported difficulties with their email setup.,Assisted with email setup,Resolved,A1836
E572,04-12-2023 10:45,Engineer,Service Disruption,Investigated reports of slow download speeds in an area.,Optimizing download speeds,Pending,A1837
E573,04-12-2023 11:15,Call Centre Agent,Billing Inquiry,Customer needed details of their billing history for tax purposes.,Sent billing history details,Resolved,A1838
E574,04-12-2023 12:25,Engineer,Equipment Issue,Replaced a malfunctioning modem for a customer with connectivity issues.,Verified stable connection,Resolved,A1839
E575,04-12-2023 13:40,Chatbot Assistant,New Product Inquiry,Inquired about the availability of a home security system.,Provided security system details,Resolved,A1840
E576,04-12-2023 14:55,Field Agent,Device Installation,Installed a new security camera system at a customer's property.,Confirmed improved security,Resolved,A1841
E577,04-12-2023 15:45,Engineer,Service Disruption,Investigated reports of intermittent internet connectivity.,Resolving connectivity issue,Pending,A1842
E578,04-12-2023 16:30,Billing Department,Billing Inquiry,Assisted a customer with a billing dispute related to premium channel charges.,Adjusted billing errors,Resolved,A1843
E579,04-12-2023 17:10,Call Centre Agent,Account Management,Helped a customer update their contact information.,Confirmed updated contact info,Resolved,A1844
E580,04-12-2023 18:20,Chatbot Assistant,Service Complaint,Recorded a complaint about frequent TV channel freezing.,Pending investigation,Pending,A1845
E581,05-12-2023 09:30,Call Centre Agent,Technical Support,Customer reported issues with their Wi-Fi connectivity.,Assisted with Wi-Fi troubleshooting,Resolved,A1846
E582,05-12-2023 10:45,Engineer,Service Disruption,Investigated reports of slow internet speeds in a neighborhood.,Optimizing network speeds,Pending,A1847
E583,05-12-2023 11:15,Call Centre Agent,Billing Inquiry,Customer needed details of their billing history for tax purposes.,Sent billing history details,Resolved,A1848
E584,05-12-2023 12:25,Engineer,Equipment Issue,Replaced a malfunctioning modem for a customer with connectivity issues.,Verified stable connection,Resolved,A1849
E585,05-12-2023 13:40,Chatbot Assistant,New Product Inquiry,Inquired about the availability of a home security system.,Provided security system details,Resolved,A1850
E586,05-12-2023 14:55,Field Agent,Device Installation,Installed a new satellite dish for better TV signal quality.,Confirmed improved signal,Resolved,A1851
E587,05-12-2023 15:45,Engineer,Service Disruption,Investigated reports of signal interference on a customer's line.,Resolving signal interference,Pending,A1852
E588,05-12-2023 16:30,Billing Department,Billing Inquiry,Assisted a customer with a billing dispute related to on-demand movie rentals.,Adjusted billing errors,Resolved,A1853
E589,05-12-2023 17:10,Call Centre Agent,Account Management,Helped a customer update their contact email address.,Confirmed updated email address,Resolved,A1854
E590,05-12-2023 18:20,Chatbot Assistant,Service Complaint,Recorded a complaint about sporadic internet outages.,Pending investigation,Pending,A1855
E591,06-12-2023 09:30,Call Centre Agent,Technical Support,Customer reported issues with their Wi-Fi connectivity.,Assisted with Wi-Fi troubleshooting,Resolved,A1856
E592,06-12-2023 10:45,Engineer,Service Disruption,Investigated reports of slow internet speeds in a neighborhood.,Optimizing network speeds,Pending,A1857
E593,06-12-2023 11:15,Call Centre Agent,Billing Inquiry,Customer needed details of their billing history for tax purposes.,Sent billing history details,Resolved,A1858
E594,06-12-2023 12:25,Engineer,Equipment Issue,Replaced a malfunctioning modem for a customer with connectivity issues.,Verified stable connection,Resolved,A1859
E595,06-12-2023 13:40,Chatbot Assistant,New Product Inquiry,Inquired about the availability of a home security system.,Provided security system details,Resolved,A1860
E596,06-12-2023 14:55,Field Agent,Device Installation,Installed a new security camera system at a customer's property.,Confirmed improved security,Resolved,A1861
E597,06-12-2023 15:45,Engineer,Service Disruption,Investigated reports of intermittent internet connectivity.,Resolving connectivity issue,Pending,A1862
E598,06-12-2023 16:30,Billing Department,Billing Inquiry,Assisted a customer with a billing dispute related to premium channel charges.,Adjusted billing errors,Resolved,A1863
E599,06-12-2023 17:10,Call Centre Agent,Account Management,Helped a customer update their contact information.,Confirmed updated contact info,Resolved,A1864
E600,06-12-2023 18:20,Chatbot Assistant,Service Complaint,Recorded a complaint about frequent TV channel freezing.,Pending investigation,Pending,A1865
E601,07-12-2023 09:30,Call Centre Agent,Technical Support,Customer reported difficulties with their email setup.,Assisted with email setup,Resolved,A1866
E602,07-12-2023 10:45,Engineer,Service Disruption,Investigated reports of slow download speeds in an area.,Optimizing download speeds,Pending,A1867
E603,07-12-2023 11:15,Call Centre Agent,Billing Inquiry,Customer needed details of their billing history for tax purposes.,Sent billing history details,Resolved,A1868
E604,07-12-2023 12:25,Engineer,Equipment Issue,Replaced a malfunctioning modem for a customer with connectivity issues.,Verified stable connection,Resolved,A1869
E605,07-12-2023 13:40,Chatbot Assistant,New Product Inquiry,Inquired about the availability of a home security system.,Provided security system details,Resolved,A1870
E606,07-12-2023 14:55,Field Agent,Device Installation,Installed a new satellite dish for better TV signal quality.,Confirmed improved signal,Resolved,A1871
E607,07-12-2023 15:45,Engineer,Service Disruption,Investigated reports of signal interference on a customer's line.,Resolving signal interference,Pending,A1872
E608,07-12-2023 16:30,Billing Department,Billing Inquiry,Assisted a customer with a billing dispute related to on-demand movie rentals.,Adjusted billing errors,Resolved,A1873
E609,07-12-2023 17:10,Call Centre Agent,Account Management,Helped a customer update their contact email address.,Confirmed updated email address,Resolved,A1874
E610,07-12-2023 18:20,Chatbot Assistant,Service Complaint,Recorded a complaint about sporadic internet outages.,Pending investigation,Pending,A1875
E611,08-12-2023 09:30,Call Centre Agent,Technical Support,Customer reported issues with their Wi-Fi connectivity.,Assisted with Wi-Fi troubleshooting,Resolved,A1876
E612,08-12-2023 10:45,Engineer,Service Disruption,Investigated reports of slow internet speeds in a neighborhood.,Optimizing network speeds,Pending,A1877
E613,08-12-2023 11:15,Call Centre Agent,Billing Inquiry,Customer needed details of their billing history for tax purposes.,Sent billing history details,Resolved,A1878
E614,08-12-2023 12:25,Engineer,Equipment Issue,Replaced a malfunctioning modem for a customer with connectivity issues.,Verified stable connection,Resolved,A1879
E615,08-12-2023 13:40,Chatbot Assistant,New Product Inquiry,Inquired about the availability of a home security system.,Provided security system details,Resolved,A1880
E616,08-12-2023 14:55,Field Agent,Device Installation,Installed a new security camera system at a customer's property.,Confirmed improved security,Resolved,A1881
E617,08-12-2023 15:45,Engineer,Service Disruption,Investigated reports of intermittent internet connectivity.,Resolving connectivity issue,Pending,A1882
E618,08-12-2023 16:30,Billing Department,Billing Inquiry,Assisted a customer with a billing dispute related to premium channel charges.,Adjusted billing errors,Resolved,A1883
E619,08-12-2023 17:10,Call Centre Agent,Account Management,Helped a customer update their contact information.,Confirmed updated contact info,Resolved,A1884
E620,08-12-2023 18:20,Chatbot Assistant,Service Complaint,Recorded a complaint about frequent TV channel freezing.,Pending investigation,Pending,A1885
